,Image_Id,Class_Id,Encoded_Pixels,Defected_Area,% Defected,With_Defect,Pixel_Means,Pixel_Std
57,002fc4e19.jpg,2,145658 7 145901 20 146144 33 146386 47 146629 60 146872 73 147115 86 147364 93 147620 93 147876 93 148132 93 148388 93 148644 93 148900 93 149156 93 149412 93 149668 46,1209.0,0.00295166015625,True,69.099326171875,45.94525760958992
137,008ef3d74.jpg,2,375439 5 375687 14 375935 24 376182 34 376430 43 376678 52 376925 63 377173 72 377420 82 377668 91 377916 101 378163 111 378411 120 378659 127 378906 134 379154 141 379402 148 379653 151 379909 150 380165 149 380421 147 380677 146 380933 143 381189 138 381445 132 381701 127 381957 118 382214 93 382471 88 382727 81 382984 72 383241 63 383510 38 383776 12,3210.0,0.0078369140625,True,9.3752294921875,21.575517780035554
149,00ac8372f.jpg,2,98114 24 98370 72 98626 119 98881 168 99137 192 99393 192 99649 192 99905 192 100161 192 100416 192 100672 192 100928 192 101232 144 101584 48 106983 26 107188 77 107393 128 107598 179 107803 229 108033 255 108289 254 108545 254 108801 253 109057 253 109313 252 109569 252 109825 251 110081 251 110337 250 110593 250 110849 249 111105 249 111361 248 111617 248 111873 243 112129 233 112385 223 112641 203 112897 173 113153 150 113409 132 113665 115 113921 97 114177 79 114433 62 114689 44 114945 27 115201 9,8309.0,0.02028564453125,True,65.32368896484375,33.272130548776396
177,00c88fed0.jpg,2,13428 8 13684 24 13940 39 14196 55 14452 71 14707 87 14963 103 15219 118 15475 134 15618 12 15731 142 15874 35 15995 134 16130 57 16267 118 16386 80 16539 102 16642 103 16810 87 16898 126 17082 71 17154 148 17354 55 17410 171 17625 40 17666 183 17897 24 17922 183 18169 8 18178 183 18434 183 18690 183 18946 183 19202 183 19458 183 19714 183 19970 183 20226 164 20482 128 20738 91 20994 55 21250 19,4439.0,0.01083740234375,True,8.16254150390625,30.51615044807691
465,026183d85.jpg,2,120132 16 120388 46 120643 78 120899 108 121155 138 121410 155 121666 156 121922 156 122178 157 122433 158 122689 159 122945 159 123200 161 123456 161 123729 145 124017 113 124306 81 124595 48 124883 17,2212.0,0.005400390625,True,83.1488818359375,51.161024491035796
765,0405e7c54.jpg,2,9993 62 10249 186 10505 248 10761 248 11017 248 11274 247 11530 247 11786 247 12042 247 12298 247 12554 247 12810 247 13066 247 13322 247 13578 247 13835 246 14091 246 14347 246 14603 246 14859 246 15129 232 15412 205 15696 177 15979 150 16262 123 16545 96 16828 69 17112 41 17395 14,5799.0,0.01415771484375,True,10.84553466796875,39.9707993431351
1021,05747b10b.jpg,2,241477 13 241733 38 241988 64 242244 89 242500 113 242756 138 243011 164 243267 177 243523 176 243778 177 244034 176 244303 162 244583 138 244863 113 245144 87 245424 62 245704 38 245984 13,1938.0,0.0047314453125,True,59.77219482421875,47.890447764936454
1117,060964105.jpg,2,124675 21 124931 61 125187 102 125443 142 125699 163 125955 163 126211 162 126467 162 126723 162 126979 162 127235 161 127491 161 127747 161 128003 161 128259 160 128515 160 128791 140 129087 100 129382 60 129678 20,2584.0,0.00630859375,True,72.90611572265625,47.75587600564654
1121,060c3159e.jpg,2,235749 28 235950 83 236151 138 236379 166 236635 166 236891 166 237147 166 237403 166 237659 166 237915 166 238172 165 238428 165 238684 165 238940 165 239196 165 239452 165 239715 158 239983 146 240252 133 240521 120 240789 108 241058 95 241327 82 241595 70 241864 57 242132 45 242401 32 242670 19 242938 7,3473.0,0.00847900390625,True,58.889765625,46.269062601771296
1181,068c6c4a9.jpg,2,379683 147 379939 147 380194 148 380450 148 380706 148 380961 149 381217 149 381472 150 381728 150 381984 150 382239 151 382495 151 382751 151 383006 152 383262 152 383517 153 383773 153 384029 153 384284 154 384540 154 384796 154 385051 155 385307 155 385562 156 385818 156 386074 156 386329 157 386585 157 386857 141 387144 110 387432 78 387719 47 388006 16,4648.0,0.01134765625,True,8.58565673828125,20.6643625765864
1385,07c3d6d77.jpg,2,236545 27 236801 81 237057 108 237313 107 237569 107 237825 106 238081 106 238337 105 238593 105 238849 104 242314 21 242552 62 242789 104 243026 135 243264 150 243510 156 243766 151 244022 146 244278 142 244534 137 244789 134 245045 129 245301 124 245557 120,2667.0,0.00651123046875,True,66.474736328125,52.010611019501425
1477,08193cfc8.jpg,2,372395 9 372649 11 372903 14 373152 21 373396 34 373645 41 373897 46 374149 50 374400 54 374645 65 374836 4 374883 79 375087 9 375121 89 375343 113 375595 109 375847 112 376103 113 376359 161 376615 84 376706 95 376884 40 376969 90 377155 16 377232 85 377496 78 377759 69 378021 61 378286 50 378402 11 378419 7 378650 36 378902 44 379154 49 379394 69 379650 73 379906 75 380162 75 380418 74 380674 74 380930 73 381186 72 381442 71 381698 65,2670.0,0.0065185546875,True,10.14738525390625,22.202902416834206
1509,0842fa725.jpg,2,216001 32 216257 64 216512 65 216768 65 217024 65 217280 65 217536 65 217791 66 218047 66 218303 66 218559 66 218832 49 219120 17,751.0,0.00183349609375,True,53.91871337890625,44.706903582494384
2141,0b1e5a7a5.jpg,2,24833 32 25089 96 25345 160 25601 224 25857 1024 26882 255 27138 255 27394 255 27650 255 27906 255 28162 255 28418 255 28674 127,3448.0,0.00841796875,True,13.5364453125,44.58548062847376
2181,0b4c8e681.jpg,2,386344 8 386599 25 386855 40 387110 56 387365 73 387621 88 387876 104 388131 121 388386 137 388642 152 388897 169 389153 184 389409 199 389665 215 389921 223 390177 223 390433 223 390689 222 390945 222 391214 209 391500 179 391790 145 392074 117 392351 95 392621 81 392883 75 393145 69 393408 62 393670 55 393932 49 394195 42 394457 36 394719 30 394981 24 395244 16 395506 10 395768 4,3982.0,0.0097216796875,True,8.20213623046875,20.339379998842162
2185,0b5018316.jpg,2,136317 12 136551 33 136784 55 137018 77 137251 99 137485 120 137729 131 137985 131 138241 130 138497 129 138753 128 139009 127 139265 127 139521 126 139777 125 140033 124 140289 124 140545 123 140801 122 141057 106 141313 76 141569 46 141825 16,2287.0,0.00558349609375,True,74.06640869140625,49.021249393827155
2401,0c6720401.jpg,2,373252 253 373508 253 373764 253 374020 253 374276 253 374532 253 374787 254 375043 254 375299 254 375555 254 375811 254 376067 254 376323 254 376579 254 376835 254 377091 254 377346 255 377602 255 377858 255 378114 255 378370 255,5333.0,0.01302001953125,True,115.64006591796877,43.28182570347654
2449,0cb590f8e.jpg,2,347453 10 347705 17 347957 21 348201 33 348445 45 348676 3 348694 52 348931 7 348943 60 349187 71 349442 68 349698 65 349953 62 350210 53 350466 46 350723 37 350979 17 351236 6,673.0,0.00164306640625,True,71.34770751953127,22.260848947593626
2601,0d4866e3c.jpg,2,137184 33 137375 98 137567 162 137790 195 138046 195 138302 195 138558 195 138814 195 139070 195 139326 195 139583 194 139839 194 140095 194 140351 194 140607 194 140863 145 141119 49,2822.0,0.0068896484375,True,69.90500244140625,47.0127200973539
2761,0e106d482.jpg,2,202054 10 202310 30 202565 51 202821 70 203076 91 203332 110 203587 131 203843 151 204098 162 204354 162 204609 163 204865 163 205120 164 205376 164 205643 153 205919 132 206195 112 206471 92 206748 71 207024 51 207300 31 207576 11,2275.0,0.00555419921875,True,63.3796435546875,56.48228126885354
2833,0ea00bf92.jpg,2,210658 10 210895 29 211133 47 211370 66 211607 85 211845 103 212082 123 212319 142 212557 160 212794 179 213040 189 213296 189 213552 178 213808 157 214064 137 214320 116 214577 94 214833 73 215089 52 215345 32 215601 11,2172.0,0.005302734375,True,56.32480224609375,49.17990440366143
2873,0ebdc1277.jpg,2,219897 8 220139 22 220381 36 220623 50 220865 64 221107 78 221348 93 221590 107 221832 121 222074 135 222316 149 222558 163 222799 178 223041 192 223283 206 223525 220 223767 234 224009 1772 225793 221 226049 198 226305 174 226561 151 226817 128 227073 105 227329 82 227585 58 227841 35 228097 12,4992.0,0.0121875,True,60.81973388671875,53.290700286621856
3141,101648543.jpg,2,129793 41 130049 121 130305 201 130561 242 130817 242 131073 242 131329 242 131585 242 131841 241 132097 241 132353 241 132730 120,2416.0,0.0058984375,True,79.66296630859375,50.239633857606144
3345,112942aed.jpg,2,377806 18 378056 42 378309 51 378565 57 378821 60 379077 60 379332 61 379588 61 379844 61 380104 57 380368 27 380409 8,563.0,0.00137451171875,True,10.4742822265625,25.31903692063182
3513,12274ea9c.jpg,2,220859 44 221029 130 221242 173 221498 172 221754 172 222011 171 222267 171 222523 171 222779 171 223035 170 223291 170 223548 169 223804 126 224060 42,2052.0,0.005009765625,True,55.00705810546875,44.93335713569517
3909,144fdd925.jpg,2,375221 17 375340 41 375467 39 375572 104 375713 49 375828 190 376084 190 376340 190 376597 189 376853 189 377109 188 377365 186 377621 185 377877 184 378133 182 378390 180 378646 160 378902 154 379158 148 379416 138 379674 126 379932 115 380190 103 380448 94 380706 86 380965 41 381031 12 381226 18 381486 6,3504.0,0.0085546875,True,10.8429541015625,23.40880461409305
4073,1561eb657.jpg,2,378615 7 378859 19 379103 31 379346 44 379590 56 379834 68 380077 81 380321 93 380565 105 380808 118 381052 130 381295 143 381539 155 381783 167 382026 180 382270 189 382514 197 382757 205 383001 211 383245 218 383494 220 383749 214 384004 207 384259 200 384514 193 384769 185 385027 172 385286 158 385545 122 385804 115 386030 17 386063 109 386254 49 386322 102 386478 81 386581 96 386702 114 386840 89 386939 133 387099 77 387191 137 387358 59 387445 139 387617 42 387701 140 387884 16 387957 140 388213 140 388469 140 388725 140 388981 140 389237 139 389493 138 389749 137 390005 136 390261 134 390558 91 390824 79 391089 68 391355 56,7281.0,0.01777587890625,True,9.2351171875,21.273543786135914
4077,156a74a49.jpg,2,21761 64 22017 192 22273 2944,3200.0,0.0078125,True,12.20248779296875,41.81414633999979
4269,163ff3547.jpg,2,129091 16 129347 48 129603 79 129859 111 130115 142 130371 174 130627 190 130884 189 131140 189 131396 189 131652 189 131908 189 132164 189 132432 177 132712 152 132991 129 133270 106 133550 82 133829 59 134108 36 134388 12,2647.0,0.00646240234375,True,73.29692138671875,49.35793662132087
4433,16d0b11ff.jpg,2,357978 8 358219 23 358460 38 358702 51 358943 66 359184 81 359429 92 359681 96 359937 95 360193 95 360449 95 360705 95 360961 94 361217 94 361473 91 361729 82 361985 59 362241 35 362497 12,1302.0,0.0031787109375,True,74.2986962890625,22.81929852162612
4593,17ac2163c.jpg,2,116481 119 116737 237 116993 237 117249 237 117505 236 117761 236 118017 236 118273 236 118529 236 118785 235 119041 235 119297 235 119583 205 119897 146 120211 88 120525 30 122197 85 122369 169 122625 169 122881 168 123137 168 123393 168 123649 168 123905 168 124161 167 124417 167 124673 167 124929 167 125185 166 125441 166 125697 166 125953 145 126209 104 126465 62 126721 21,5945.0,0.01451416015625,True,74.67555908203127,46.265242255096645
4829,18ba753ff.jpg,2,123839 15 124065 45 124291 76 124532 91 124788 92 125044 92 125300 93 125556 93 125812 94 126068 94 126325 86 126581 73 126837 60 127093 46 127349 33 127605 20 127861 7,1110.0,0.0027099609375,True,84.53250732421877,54.153476359949615
4841,18c14f720.jpg,2,231681 61 231937 182 232193 243 232449 243 232705 243 232961 243 233217 243 233473 242 233729 242 234046 181 234261 9 234422 61 234519 23 234777 37 235035 51 235294 64 235552 78 235810 92 236068 106 236327 119 236585 126 236843 124 237102 121 237360 119 237618 117 237877 115 238135 113 238393 111 238651 109 238910 89 239168 53 239426 18,3978.0,0.0097119140625,True,57.22009033203125,43.95401283532346
5569,1bed9264f.jpg,2,217388 18 217644 53 217900 88 218156 124 218413 158 218669 193 218925 211 219181 211 219437 211 219693 211 219949 211 220205 211 220462 210 220718 210 220974 210 221230 210 221507 189 221805 147 222103 105 222401 63 222699 21 225227 11 225462 32 225696 54 225931 75 226166 96 226401 117 226636 138 226870 159 227105 180 227340 201 227585 212 227841 212 228097 212 228353 212 228609 202 228865 183 229121 164 229377 144 229633 125 229889 106 230145 87 230401 68 230657 48 230913 29 231169 10,6342.0,0.0154833984375,True,54.99147705078125,45.691516721472006
5597,1c1ca0221.jpg,2,96001 13 96257 37 96513 61 96769 85 97025 109 97281 133 97537 145 97793 146 98049 146 98305 147 98561 147 98817 148 99073 149 99329 149 99585 150 99841 150 100097 151 100353 152 100609 152 100865 153 101137 138 101424 107 101711 77 101998 46 102285 16,2907.0,0.00709716796875,True,71.28032958984375,35.73158291164609
5685,1c96b0bbc.jpg,2,238849 14 239105 42 239361 70 239617 98 239873 126 240129 154 240385 182 240641 210 240897 238 241153 252 241409 252 241665 252 241921 253 242177 253 242433 253 242690 252 242946 253 243202 253 243458 253 243714 253 243970 254 244226 254 244482 254 244738 254 244994 255 245250 255 245506 212 245762 127 246018 43,5821.0,0.01421142578125,True,51.410654296875,41.234849499467934
5733,1ccb093e6.jpg,2,137537 46 137793 138 138049 184 138305 183 138561 183 138817 182 139073 182 139329 181 139585 180 139841 180 140127 149 140442 90 140757 30 141959 122 142094 243 142351 242 142607 242 142864 241 143121 240 143378 239 143634 239 143891 119,3835.0,0.00936279296875,True,64.207177734375,38.70652831528962
5857,1d718ddb9.jpg,2,120833 16 121089 46 121345 76 121601 106 121857 136 122113 166 122369 196 122625 212 122881 212 123137 212 123393 212 123649 213 123905 213 124161 213 124417 213 124673 213 124929 213 125185 214 125441 214 125697 214 125953 214 126209 214 126465 214 126721 215 126977 215 127287 161 127650 54,4797.0,0.01171142578125,True,69.55181396484375,42.44520635892951
5985,1df9eefe5.jpg,2,145511 35 145699 103 145921 136 146177 136 146433 136 146689 135 146945 135 147201 134 147457 134 147713 67 149011 30 149267 89 149523 149 149779 208 150035 238 150291 238 150547 238 150803 238 151059 238 151315 238 151571 238 151827 238 152083 238 152399 178 152773 60,4007.0,0.00978271484375,True,70.588291015625,52.077939708728245
6453,1ffe887dd.jpg,2,380899 30 381095 90 381321 120 381577 120 381833 120 382088 121 382344 121 382600 121 382856 121 383112 121 383368 121 383623 122 383879 122 384135 122 384391 122 384647 122 384903 115 385151 4 385158 104 385400 11 385414 92 385649 18 385670 79 385897 25 385926 67 386146 32 386182 55 386395 39 386438 43 386644 46 386693 31 386893 52 386949 19 387142 59 387205 7 387390 67 387639 74 387888 80 388137 87 388386 89 388635 87 388883 86 389132 84 389381 82 389633 77 389889 68 390145 59 390401 50 390657 41 390913 32 391169 23 391425 14 391681 5,3819.0,0.00932373046875,True,9.77034423828125,22.389578000831733
6477,2012a6d02.jpg,2,217692 17 217948 51 218204 85 218459 103 218715 103 218971 103 219227 103 219482 104 219738 105 220012 87 220303 52 220593 18,931.0,0.00227294921875,True,53.9402490234375,45.1581104627174
6549,205685883.jpg,2,232501 19 232757 57 233012 77 233105 56 233268 77 233361 112 233523 78 233617 112 233779 78 233873 112 234034 79 234129 112 234290 79 234385 112 234566 59 234641 112 234861 20 234897 112 235153 112 235409 56,1631.0,0.00398193359375,True,62.13940185546875,49.83427077999107
6573,206c8bb0c.jpg,2,237546 23 237756 69 237967 114 238200 137 238456 137 238712 137 238968 137 239224 137 239480 137 239737 136 239993 122 240249 95 240505 68 240761 41 241017 14,1504.0,0.003671875,True,54.80873291015625,43.603346741690864
6629,20bb27a04.jpg,2,22273 15 22529 43 22785 71 23041 100 23297 128 23553 156 23809 185 24065 213 24321 241 24577 1536 26128 241 26412 213 26696 185 26981 156 27265 128 27549 100 27834 71 28118 43 28402 15,3840.0,0.009375,True,11.46406494140625,38.28822892608855
6733,214465021.jpg,2,85217 32 85409 96 85601 160 85793 2765 88577 201 88833 164 89089 128 89345 92 89601 55 89857 19,3712.0,0.0090625,True,24.21599609375,38.56023109188222
6745,215edd511.jpg,2,353781 11 354013 35 354246 58 354479 81 354711 105 354944 128 355177 151 355409 175 355642 198 355886 210 356142 210 356398 200 356654 182 356910 162 357166 132 357423 102 357680 72 357937 41 358194 11,2264.0,0.00552734375,True,68.17643798828125,21.26370226905636
6809,21ac40700.jpg,2,233345 22 233601 64 233857 106 234112 129 234368 129 234624 129 234880 129 235135 130 235391 130 235647 130 235920 113 236208 81 236496 49 236784 17 243509 51 243765 151 244021 201 244277 200 244534 198 244790 197 245046 196 245302 196 245558 195 245814 194 246071 192 246327 191 246583 190,3710.0,0.0090576171875,True,62.2930224609375,48.39095169757215
6993,22a825813.jpg,2,117735 13 117967 37 118199 60 118431 84 118663 108 118894 132 119126 156 119358 179 119590 203 119822 227 120065 239 120321 239 120577 239 120833 238 121089 238 121345 237 121601 237 121857 237 122113 236 122369 236 122625 118,3693.0,0.00901611328125,True,76.45412841796875,46.6647768842554
7173,23e4a530a.jpg,2,382726 26 382981 77 383237 127 383492 178 383748 228 384003 254 384258 255 384514 1791 386306 255 386562 255 386819 254 387080 249 387346 239 387612 229 387878 219 388142 211 388404 205 388667 198 388929 192 389191 186 389454 179 389716 173 389984 161 390257 144 390530 127 390803 110 391076 93 391348 77 391621 60 391894 43 392167 26 392440 9,6830.0,0.0166748046875,True,8.9775146484375,22.29156443578832
7381,24e125a16.jpg,2,383151 17 383408 42 383665 67 383922 79 384180 77 384437 76 384694 75 384951 73 385208 72 385465 70 385723 68 385980 66 386237 65 386525 32,879.0,0.00214599609375,True,9.4537255859375,21.481658175650182
7653,268446e17.jpg,2,380564 14 380820 41 381077 67 381333 94 381590 107 381846 107 382103 106 382359 106 382616 105 382874 103 383132 101 383390 99 383648 97 383913 88 384187 59 384461 19,1313.0,0.00320556640625,True,7.77906982421875,18.449642212454567
7869,2789df930.jpg,2,119173 62 119429 124 119685 124 119940 125 120196 125 120452 125 120708 125 120964 125 121220 125 121475 126 121731 126 121987 126 122275 94 122593 32,1564.0,0.003818359375,True,76.83496337890625,47.005419471493305
8061,28a3f7928.jpg,2,243457 64 243713 192 243969 3840 247841 224 248161 160 248481 96 248801 32,4608.0,0.01125,True,70.9537109375,55.57756615984889
8217,2959d7fb1.jpg,2,108274 15 108502 43 108730 71 108958 99 109186 127 109414 155 109642 183 109883 198 110139 198 110395 198 110651 198 110907 198 111163 198 111420 197 111676 197 111932 164 112188 98 112444 33,2570.0,0.0062744140625,True,67.96698974609374,38.16389482013947
8229,2969217e8.jpg,2,380933 9 381187 27 381442 45 381697 62 381953 71 382094 58 382210 70 382350 115 382466 71 382606 115 382722 71 382862 115 382978 71 383118 115 383235 71 383374 115 383491 71 383630 115 383749 70 383887 114 384009 66 384143 114 384268 63 384400 113 384528 58 384657 112 384787 55 384914 111 385046 51 385193 76 385306 47 385477 25 385565 42 385825 35 386086 27 386349 17 387065 8 387306 23 387546 39 387787 54 388028 69 388269 84 388510 99 388750 115 388991 130 389239 138 389494 133 389749 124 390005 114 390260 105 390515 96 390771 76 391027 46 391285 15,4051.0,0.00989013671875,True,8.5316845703125,19.752669840165066
8425,2a7f8bab0.jpg,2,114376 16 114602 46 114827 78 115052 109 115278 139 115503 170 115729 201 115969 217 116225 217 116481 217 116737 218 116993 218 117249 202 117505 171 117761 140 118017 109 118273 78 118529 47 118785 16,2609.0,0.00636962890625,True,82.96686279296875,49.41988390187424
8505,2b01fd731.jpg,2,113559 15 113816 43 114072 72 114329 86 114585 86 114842 86 115099 85 115201 9 115355 85 115457 27 115612 85 115713 45 115868 85 115969 63 116125 84 116225 81 116382 84 116481 99 116638 84 116737 117 116895 83 116993 135 117151 84 117249 144 117408 83 117505 144 117665 82 117761 143 117921 83 118017 143 118178 82 118273 143 118435 81 118529 142 118691 82 118785 142 118948 81 119041 141 119204 81 119297 141 119461 81 119553 141 119718 80 119809 140 119974 78 120065 140 120231 73 120321 140 120487 69 120577 139 120744 64 120833 139 121006 55 121089 138 121274 39 121345 138 121542 23 121601 115 121810 7 121857 69 122113 23,5552.0,0.0135546875,True,75.74753662109373,46.08717548489932
8517,2b0d476d6.jpg,2,118404 13 118660 38 118915 64 119171 88 119427 113 119682 127 119938 127 120194 127 120450 127 120705 128 120961 128 121217 128 121472 129 121728 129 122006 106 122304 64 122602 22,1658.0,0.0040478515625,True,70.95696044921877,42.31079755206229
9637,3088a6a0d.jpg,2,24453 124 24585 248 24841 248 25097 248 25353 248 25610 247 25866 247 26122 247 26378 247 26634 247 26890 247 27147 246 27403 246 27659 123,3213.0,0.00784423828125,True,11.966796875,40.669718790013036
9661,30a6a340c.jpg,2,379861 44 380030 131 380242 175 380496 177 380751 178 381006 179 381260 181 381515 182 381770 183 382027 182 382284 181 382540 181 382797 180 383054 179 383311 178 383568 177 383825 176 384081 176 384338 175 384595 174 384852 173 385109 172 385366 171 385622 171 385879 170 386136 169 386393 168 386655 162 386921 151 387197 31 387250 78 387516 67 387782 56 388048 45 388336 13 388600 4,5190.0,0.0126708984375,True,8.46271484375,20.357039185191837
10153,332e21cbc.jpg,2,111118 22 111374 64 111630 106 111885 149 112141 171 112397 171 112653 170 112909 170 113165 169 113420 170 113676 170 113932 169 114205 152 114494 118 114784 84 115073 50 115362 17,2122.0,0.0051806640625,True,78.62329345703125,47.82285829272392
10157,33368929c.jpg,2,128183 10 128439 28 128695 46 128952 63 129208 73 129464 73 129720 73 129977 72 130233 72 130489 72 130745 72 131002 71 131258 71 131514 71 131806 35,902.0,0.0022021484375,True,70.320419921875,42.80552751182787
10233,338d3b828.jpg,2,244724 13 244956 37 245187 62 245419 86 245651 110 245894 123 246151 122 246407 122 246664 121 246920 111 247177 90 247433 71 247690 50 247946 31 248203 10,1159.0,0.00282958984375,True,70.29072265625,53.740141009563494
11277,38c25b61a.jpg,2,375278 12 375512 33 375746 54 375980 74 376214 95 376447 117 376681 137 376915 158 377149 179 377383 199 377617 220 377861 231 378117 230 378372 229 378628 228 378883 228 379139 226 379394 226 379650 225 379905 224 380161 223 380417 213 380674 194 380930 175 381187 156 381443 137 381712 106 381992 63 382272 21,4613.0,0.01126220703125,True,10.2113037109375,22.768139535108727
11637,3a7d9b5c1.jpg,2,113653 12 113886 35 114119 58 114351 82 114584 105 114817 128 115050 151 115283 174 115515 198 115748 221 115981 2021 118017 213 118273 185 118529 156 118785 128 119041 100 119297 71 119553 43 119809 15,4096.0,0.01,True,64.05605224609376,37.30962542896423
11717,3ad134b40.jpg,2,90103 10 90340 29 90577 48 90815 66 91052 85 91298 95 91554 95 91811 94 92067 94 92323 94 92579 94 92836 93 93092 81 93348 58 93605 35 93861 12 94858 46 95023 137 95233 183 95489 183 95745 183 96001 183 96257 183 96513 183 96769 183 97025 183 97281 183 97537 183 97793 183 98049 183 98305 183 98561 183 98817 183 99073 183 99329 183 99585 183 99841 183 100097 183 100353 183 100609 167 100865 137 101121 107 101377 76 101633 46 101889 16,5658.0,0.0138134765625,True,71.62634765625,37.24671569702586
12341,3df2a0383.jpg,2,33267 14 33495 42 33723 70 33951 98 34180 125 34408 153 34636 181 34878 195 35134 195 35390 195 35646 195 35902 195 36158 195 36414 195 36670 195 36926 195 37193 184 37471 162 37748 141 38026 119 38304 97 38581 76 38859 54 39136 33 39414 11,3315.0,0.00809326171875,True,9.85402099609375,29.69373390459382
12577,3f536622f.jpg,2,198401 16 198657 48 198913 80 199169 112 199425 144 199681 176 199937 208 200193 240 200449 1280 201742 243 202024 217 202305 192 202587 166 202868 141 203150 115 203431 90 203713 64 203994 39 204276 13 206951 13 207207 39 207463 64 207719 90 207975 115 208231 141 208488 153 208744 153 209000 153 209256 153 209512 153 209794 127 210101 76 210407 26,5040.0,0.0123046875,True,57.0476220703125,51.418353748983506
12621,3fcd061fc.jpg,2,381467 34 381723 102 381978 170 382234 204 382489 205 382745 205 383000 206 383256 206 383511 207 383767 207 384022 208 384278 208 384533 209 384789 209 385044 210 385300 210 385566 200 385841 181 386116 162 386391 143 386666 124 386941 105 387216 86 387491 67 387766 48 388041 29 388316 10,4155.0,0.01014404296875,True,8.02161376953125,16.903013615055393
12649,3fe32ff2f.jpg,2,32349 79 32527 157 32783 158 33039 158 33295 158 33551 158 33807 159 34063 159 34318 160 34574 160 34830 161 35086 161 35342 120 35598 40 39040 129 39296 129 39552 129 39808 129 40064 129 40320 129 40577 128 40833 128 41089 128 41345 128 41601 64,3338.0,0.0081494140625,True,17.161982421875,51.076517755147314
13061,41f3899a5.jpg,2,115457 11 115713 32 115969 54 116225 75 116481 96 116737 117 116993 139 117249 160 117505 181 117761 202 118017 224 118273 245 118529 768 119308 245 119585 224 119863 202 120140 181 120417 160 120694 139 120972 117 121249 96 121526 75 121803 54 122081 32 122358 11,3840.0,0.009375,True,86.907861328125,52.96242427858779
13065,41f5ea1f2.jpg,2,223490 28 223746 82 224002 110 224259 110 224515 111 224771 112 225027 112 225284 112 225540 113 225796 114 226110 57,1061.0,0.00259033203125,True,56.2198095703125,46.07879867855768
13237,42dd20db7.jpg,2,118702 11 118958 31 119214 52 119470 72 119726 83 119982 83 120238 83 120494 83 120759 74 121031 58 121304 41 121576 25 121848 59 122113 150 122369 200 122625 200 122881 200 123137 199 123393 199 123649 199 123905 199 124161 198 124417 198 124673 198 124929 187 125185 165 125441 143 125697 121 125953 99 126209 77 126465 55 126721 33 126977 11,3786.0,0.0092431640625,True,83.73918212890625,51.531115722564536
13509,44415ab00.jpg,2,101377 41 101633 121 101889 162 102145 162 102401 161 102657 161 102913 160 103169 160 103425 159 103681 159 103937 158 104193 158 104528 78 107171 16 107427 47 107683 78 107939 94 108195 94 108451 94 108707 94 108962 95 109218 95 109474 95 109730 95 109986 95 110242 95 110498 95 110764 85 111039 66 111314 47 111588 29 111863 10 120671 11 120927 31 121183 51 121439 71 121696 90 121952 110 122208 130 122464 150 122720 161 122976 160 123232 160 123489 158 123745 158 124001 157 124257 157 124522 147 124795 130 125067 113 125340 96 125613 78 125886 61 126159 43 126431 27 126704 9,5718.0,0.0139599609375,True,54.35867919921875,36.895338526618325
13549,447038bc8.jpg,2,133095 26 133300 77 133505 128 133711 178 133916 229 134146 255 134402 255 134658 255 134914 255 135170 255 135426 255 135682 255 135938 2303 138284 213 138625 128 138966 43,5110.0,0.0124755859375,True,72.085361328125,48.25882345818908
13897,4613d520c.jpg,2,112385 10 112642 28 112898 47 113155 65 113411 84 113668 102 113924 121 114181 138 114437 157 114694 175 114950 194 115207 212 115464 230 115720 240 115977 239 116233 239 116490 238 116746 238 117003 237 117259 237 117516 235 117772 235 118029 234 118293 226 118565 210 118836 195 119108 179 119379 164 119651 148 119922 133 120194 117 120465 102 120736 86 121008 70 121279 55 121551 39 121822 24 122094 8 135565 47 135728 140 135937 186 136193 186 136449 186 136706 185 136962 184 137218 184 137474 184 137730 183 137986 183 138243 151 138499 91 138755 31,7812.0,0.019072265625,True,76.44164794921875,46.23775337563095
13929,463fe382b.jpg,2,25749 108 25897 216 26153 216 26409 216 26665 216 26921 216 27177 216 27433 216 27689 216 27945 216 28201 216 28457 216 28713 108,2592.0,0.006328125,True,12.4670361328125,41.18829608848273
14337,488922ac2.jpg,2,238819 30 239017 88 239215 146 239441 176 239697 176 239952 177 240208 177 240464 177 240720 177 240975 178 241231 178 241487 148 241742 89 241998 30,1947.0,0.00475341796875,True,62.78271484375,52.83074411258088
15125,4cca18753.jpg,2,218369 9 218625 26 218881 43 219137 60 219393 77 219649 94 219905 111 220161 128 220417 145 220673 162 220929 179 221185 196 221441 213 221705 222 221976 224 222247 218 222518 203 222789 188 223060 173 223331 158 223602 143 223873 128 224144 113 224415 98 224686 83 224957 68 225228 53 225499 38 225770 23 226041 8,3584.0,0.00875,True,59.57381103515625,49.40153955622071
15397,4e1d262fb.jpg,2,114689 8 114945 22 115201 36 115457 50 115713 64 115969 78 116225 93 116481 107 116737 121 116993 135 117249 149 117505 163 117761 178 118017 192 118273 206 118529 220 118785 234 119041 248 119297 256 119560 249 119830 235 120099 222 120368 209 120638 195 120907 182 121177 168 121446 155 121716 141 121985 128 122254 115 122524 101 122793 88 123063 74 123332 61 123602 47 123871 34 124140 21 124410 7 125966 30 126222 89 126477 149 126733 179 126988 180 127244 180 127499 182 127755 182 128010 183 128266 183 128521 184 128777 185 129032 186 129288 186 129543 93,7363.0,0.01797607421875,True,80.3466455078125,53.99345869648563
15801,503c4f93a.jpg,2,102547 10 102783 30 103020 49 103257 68 103493 88 103730 107 103967 126 104203 146 104449 157 104705 157 104961 157 105217 157 105473 157 105729 157 105985 157 106241 157 106497 148 106754 130 107010 112 107266 95 107522 78 107778 61 108034 44 108290 26 108546 9,2583.0,0.00630615234375,True,71.66499755859375,44.552154056555956
15881,50ac457cb.jpg,2,116993 27 117249 80 117505 132 117761 185 118017 212 118273 211 118529 209 118785 207 119041 206 119297 204 119553 203 119834 176 120139 125 120443 76 120748 25,2278.0,0.0055615234375,True,76.6568359375,45.52408083302544
16201,5238bc100.jpg,2,362956 8 363162 65 363414 62 363666 57 363919 56 364178 26 364439 9 366115 12 366207 10 366365 30 366461 25 366615 43 366715 36 366865 52 366970 46 367118 58 367224 54 367376 58 367479 58 367667 22 367739 56 368002 52 368264 49 368531 40 368594 22 368629 10 368848 47 369103 48 369360 47 369618 39 369875 3,1200.0,0.0029296875,True,61.89251708984375,20.70461875889938
16553,53f2e3c44.jpg,2,123484 16 123740 46 123996 76 124252 106 124508 121 124764 121 125020 121 125276 121 125532 121 125788 121 126044 121 126300 121 126556 121 126977 18 127233 53 127489 87 127745 105 128001 105 128257 105 128513 105 128769 105 129025 105 129281 105 129537 105 129793 105 130049 105 130305 52,2593.0,0.00633056640625,True,74.62016357421875,48.28620503672083
16649,547c5635f.jpg,2,119961 52 120217 104 120473 104 120648 28 120729 104 120877 55 120986 103 121133 55 121242 103 121389 54 121498 103 121644 55 121754 103 121900 55 122010 103 122156 55 122266 103 122412 55 122522 103 122667 56 122778 103 122923 55 123035 102 123179 55 123291 102 123434 56 123547 102 123690 56 123803 102 123946 56 124085 76 124201 57 124391 26 124457 56 124713 56 124968 57 125224 57 125480 57 125735 58 125991 57 126262 42 126546 14,2955.0,0.00721435546875,True,92.77945068359377,61.02344010522821
17237,57c752901.jpg,2,232173 20 232391 58 232609 96 232845 116 233101 116 233357 116 233614 115 233870 115 234126 115 234382 115 234638 115 234895 114 235151 114 235407 104 235663 85 235919 67 236176 47 236432 28 236688 10 236769 16 236994 47 237219 77 237444 108 237669 138 237908 155 238161 158 238414 160 238667 163 238920 165 239173 168 239425 172 239678 174 239931 177 240184 180 240437 182 240690 185 240943 187 241196 190 241449 193 241702 195 241955 198 242208 200 242460 204 242713 188 242966 154 243219 121 243472 87 243725 53 243979 19,6080.0,0.01484375,True,73.8761767578125,58.24678337276183
17557,599251689.jpg,2,203265 128 203521 2688,2816.0,0.006875,True,44.98165771484375,42.676164570487046
17629,59e91f935.jpg,2,227834 7 228078 19 228322 31 228566 43 228809 56 229053 68 229297 80 229541 92 229784 105 230028 117 230272 129 230516 141 230759 154 231003 166 231247 178 231491 190 231734 203 231978 215 232222 227 232466 239 232715 246 232971 246 233227 246 233483 246 233739 246 233994 247 234250 247 234506 247 234762 247 235018 247 235274 247 235530 226 235786 185 236041 145 236297 103 236553 62 236809 21,5914.0,0.0144384765625,True,65.31277587890625,52.225826596905506
17781,5ad48b934.jpg,2,378244 12 378477 35 378710 58 378942 82 379175 105 379408 128 379652 140 379908 140 380163 141 380419 141 380674 142 380930 142 381185 143 381441 143 381697 143 381953 143 382209 143 382465 143 382721 139 382978 130 383235 121 383492 112 383748 104 384005 95 384262 86 384519 77 384778 66 385040 52 385302 38 385564 23 385826 7,3174.0,0.0077490234375,True,9.56854736328125,21.83912892575045
18233,5ca7fcc19.jpg,2,120727 9 120983 27 121239 44 121495 62 121751 71 122007 71 122263 71 122519 71 122775 71 123031 71 123287 70 123543 70 123799 70 124073 52 124363 18 135425 188 135681 188 135937 188 136193 188 136449 189 136705 189 136961 189 137217 189 137473 189 137729 189 137985 189 138241 189 138521 166 138824 119 139128 71 139431 24,3492.0,0.008525390625,True,73.2119873046875,45.04369084367035
18913,605ed0050.jpg,2,250226 18 250482 54 250737 90 250993 126 251248 145 251504 145 251759 146 252015 146 252270 147 252541 132 252826 103 253112 73 253397 44 253682 15,1384.0,0.00337890625,True,57.83151611328125,44.33162426041523
19129,6181b0a92.jpg,2,102401 11 102657 32 102913 53 103169 74 103425 95 103681 116 103937 137 104193 158 104449 179 104705 200 104961 221 105217 242 105473 253 105729 253 105985 253 106241 253 106497 253 106753 252 107009 252 107265 252 107521 252 107777 252 108033 252 108289 252 108545 252 108801 251 109057 251 109313 251 109569 251 109825 251 110081 219 110337 157 110593 94 110849 32 110963 12 111219 36 111475 59 111731 82 111987 106 112243 129 112499 141 112755 141 113011 141 113267 140 113523 140 113779 140 114035 140 114291 140 114547 139 114803 139 115059 139 115315 139 115571 139 115827 138 116083 138 116339 138 116595 103 116851 35 118522 7 118766 19 119010 31 119254 43 119498 55 119741 68 119985 80 120229 92 120473 104 120717 116 120961 128 121210 135 121466 134 121722 134 121978 134 122234 134 122490 125 122746 108 123001 93 123257 76 123513 59 123769 42 124025 26 124281 9,11302.0,0.0275927734375,True,54.38101318359375,37.290109649669795
19445,62bf70fee.jpg,2,376764 8 377004 24 377244 40 377484 56 377725 70 377965 86 378205 102 378445 118 378686 133 378926 149 379166 165 379406 180 379654 188 379910 188 380165 189 380421 189 380677 189 380932 190 381188 189 381444 189 381700 189 381955 190 382211 190 382467 190 382722 191 382978 190 383234 190 383489 191 383745 191 384001 191 384257 191 384513 191 384769 190 385025 190 385283 188 385541 186 385800 170 386059 141 386317 113 386578 83 386842 49 387105 16,6253.0,0.01526611328125,True,10.24535400390625,23.38699577612093
19809,648e67d1b.jpg,2,199072 54 199222 159 199425 211 199681 210 199937 210 200193 209 200449 208 200705 207 200961 206 201217 205 201473 204 201746 186 202035 153 202324 119 202613 85 202902 51 203191 17,2694.0,0.0065771484375,True,51.43072265625,49.851590884700755
20373,6791c36e9.jpg,2,754 15 982 43 1210 71 1438 99 1666 127 1894 155 2122 183 2350 211 2578 239 2819 254 3075 254 3330 255 3586 255 3842 255 4098 1279 5378 255 5634 255 5890 255 6146 255 6402 255 6658 255 6915 254 7171 254 7427 254 7683 254 7939 254 8195 254 8452 253 8708 253 8964 253 9220 253 9476 253 9732 253 9989 252 10245 252 10501 252 10785 224 11093 172 11398 123 11703 74 12008 25,9641.0,0.02353759765625,True,84.6934033203125,30.93841100993641
20405,67a9dd552.jpg,2,8820 24 9076 71 9332 117 9588 141 9843 142 10099 142 10355 142 10611 142 10867 142 11123 142 11379 142 11635 142 11890 143 12146 143 12402 143 12658 143 12914 142 13170 142 13426 142 13681 143 13937 143 14193 107 14449 36,2916.0,0.007119140625,True,5.64144287109375,22.234036117589607
20629,68cc04a14.jpg,2,32837 94 33093 188 33349 188 33604 189 33860 189 34116 189 34372 189 34627 190 34883 190 35139 190 35414 171 35708 133 36002 95 36296 57 36590 19,2271.0,0.00554443359375,True,17.3308447265625,51.61056258822564
20777,6966ed5f1.jpg,2,135264 41 135520 121 135776 161 136032 161 136288 161 136544 161 136800 161 137056 161 137312 161 137568 161 137824 161 138080 161 138377 120 138713 40,1932.0,0.004716796875,True,71.74373291015625,47.88141105828618
21033,6a9ff4b0c.jpg,2,17153 179 17409 179 17665 179 17921 179 18177 179 18433 179 18689 179 18945 180 19201 180 19457 180 19743 150 20059 90 20375 30,2063.0,0.00503662109375,True,8.85291748046875,30.355943739994803
21201,6b53b62be.jpg,2,119297 23 119553 69 119809 115 120065 138 120321 137 120577 136 120833 134 121089 133 121345 132 121601 130 121857 129 122113 128 122369 127 122625 125 122943 62,1718.0,0.0041943359375,True,75.45022705078125,45.062590512188166
21245,6b86a9593.jpg,2,366575 18 366795 54 367015 90 367235 126 367455 162 367675 198 367895 234 368133 252 368389 252 368645 252 368901 252 369157 252 369413 252 369669 242 369925 224 370181 206 370437 188 370692 171 370948 153 371204 135 371460 117 371716 99 371972 81 372228 63 372484 45 372740 27 372996 9,4154.0,0.0101416015625,True,51.50852783203125,18.04100555339539
21249,6b8b5c4a5.jpg,2,379230 25 379472 51 379712 67 379952 83 380192 98 380432 114 380674 127 380930 123 381186 119 381442 115 381698 112 381953 110 382209 107 382470 100 382735 88 383000 75 383265 62 383537 37,1613.0,0.00393798828125,True,9.44046142578125,21.977095678343282
21517,6cb1e08e1.jpg,2,136653 9 136893 25 137133 41 137372 58 137612 74 137852 90 138091 107 138331 123 138571 139 138811 149 139050 154 139290 159 139530 163 139777 160 140033 149 140290 136 140546 125 140802 113 141059 101 141315 89 141571 78 141827 66 142084 53 142340 42 142596 30 142853 18 143109 6,2457.0,0.00599853515625,True,69.1007177734375,46.715006826137255
21593,6d291e247.jpg,2,200961 19 201217 55 201473 92 201729 128 201985 164 202241 201 202497 237 202753 2816 205601 224 205921 160 206082 19 206241 96 206338 55 206561 32 206594 91 206850 128 207106 164 207362 200 207618 236 207874 255 208130 255 208386 2559 211073 128 223234 128 223490 255 223746 255 224002 255 224258 255 224515 254 224771 254 225027 254 225283 254 225539 254 225795 254 226051 254 226307 254 226563 254 226819 254 227076 253 227332 253 227588 253 227844 253 228100 253 228378 231 228676 189 228974 147 229272 105 229570 63 229868 21,14023.0,0.03423583984375,True,62.2584326171875,56.28229207360817
22069,6f96a0814.jpg,2,122369 128 122625 5504,5632.0,0.01375,True,74.9159912109375,46.511791055299064
22113,6fcd94e33.jpg,2,380599 2 380853 8 381107 14 381362 18 381429 11 381616 24 381669 26 381872 28 381909 42 382128 79 382385 77 382497 4 382643 75 382749 10 382902 70 383005 12 383162 63 383260 15 383424 54 383516 17 383688 30 383771 20 384026 23 384282 25 384323 21 384537 28 384571 52 384795 96 385053 100 385311 97 385569 95 385827 93 386085 90 386343 88 386603 43 386655 32 386875 21 386923 19 387187 11 387447 2,1635.0,0.00399169921875,True,8.44350830078125,20.359969343215358
22145,6fdf2d1be.jpg,2,233985 46 234241 136 234497 181 234753 181 235009 180 235265 180 235521 180 235777 180 236033 179 236289 179 236545 179 236801 178 237057 178 237313 178 237569 178 237825 177 238081 177 238337 177 238593 176 238849 176 239105 176 239361 175 239617 175 239873 175 240129 175 240385 174 240641 174 240897 174 241168 158 241452 130 241737 101 242021 73 242306 43 242590 15,5314.0,0.0129736328125,True,67.4374169921875,51.44568248602667
22541,71b3a6858.jpg,2,390576 81 390750 163 391003 166 391259 166 391515 166 391771 166 392027 166 392283 166 392539 166 392795 166 393052 165 393308 163 393476 17 393566 158 393732 49 393824 153 393987 69 394082 148 394243 76 394341 142 394498 84 394599 137 394754 91 394857 132 395009 99 395122 120 395266 105 395394 96 395522 112 395665 69 395779 118 395936 42 396036 124 396208 14 396293 130 396549 137 396806 143 397070 142 397339 133 397606 122 397879 104 398151 88 398416 78 398681 69 398946 60 399212 49 399477 40 399742 30 400007 21 400271 12 400535 4,5417.0,0.01322509765625,True,8.31307373046875,21.83123266566896
22661,724dd91a0.jpg,2,239350 11 239586 31 239822 51 240058 71 240303 82 240559 82 240815 82 241071 82 241327 82 241583 82 241839 81 242096 80 242352 80 242608 80 242864 80 243120 80 243376 79 243632 79 243893 74 244159 64 244425 54 244690 45 244956 34 245221 25 245329 18 245487 15 245585 52 245753 5 245841 86 246097 120 246353 138 246609 138 246865 138 247121 138 247377 138 247633 138 247889 138 248180 103 248504 35,2991.0,0.00730224609375,True,51.45215576171875,41.10696378560511
22721,72bb7c7bc.jpg,2,139249 16 139473 48 139697 80 139921 112 140145 144 140369 176 140593 208 140817 4592 145537 128,5504.0,0.0134375,True,68.7157568359375,47.47288177133601
22873,739a0aa20.jpg,2,13097 16 13353 47 13609 77 13865 108 14121 139 14377 169 14633 200 14889 216 15145 216 15401 216 15657 216 15913 216 16169 216 16425 216 16681 216 16937 216 17193 216 17449 216 17719 202 18002 175 18285 148 18568 121 18850 95 19133 68 19416 41 19699 14,3996.0,0.009755859375,True,6.27670654296875,24.15147871687641
23149,74aedfa3c.jpg,2,111934 18 112190 52 112446 86 112702 104 112958 104 113214 103 113470 103 113726 102 113983 101 114239 100 114495 100 114751 99 115007 99 115263 98 115519 98 115800 72 116104 24 118166 50 118323 149 118529 199 118785 199 119041 199 119297 199 119553 199 119809 199 120065 199 120321 199 120577 199 120833 199 121089 199 121345 199 121601 199 121857 149 122113 50,4448.0,0.010859375,True,63.366416015625,36.359473464182024
23181,74d1cd5e3.jpg,2,141569 128 141825 6890 148737 192 148993 149 149249 107 149505 64 149761 22,7552.0,0.0184375,True,72.45050537109375,51.130607897360115
23229,751db247d.jpg,2,111353 8 111594 23 111834 39 112075 54 112316 69 112556 85 112797 100 113038 115 113278 131 113519 146 113767 154 114023 154 114279 154 114535 154 114791 154 115048 153 115304 153 115560 127 115816 76 116072 26,2075.0,0.00506591796875,True,84.55832275390625,51.804080256953476
23289,7579146ed.jpg,2,147861 11 148095 33 148329 55 148563 77 148797 99 149031 121 149276 132 149532 132 149788 132 150044 132 150300 124 150556 110 150812 95 151068 81 151324 66 151580 51 151836 37 152092 22 152348 8,1518.0,0.0037060546875,True,71.606767578125,46.68621632795058
23717,776ed4605.jpg,2,387842 24 388098 71 388354 117 388611 133 388867 135 389124 137 389380 138 389637 137 389893 137 390156 130 390420 121 390685 111 390946 105 391209 99 391480 84 391751 69 392022 54 392293 39 392571 16 392835 8,1865.0,0.00455322265625,True,9.25548583984375,22.66819626713097
23941,78b5bc846.jpg,2,127478 11 127713 32 127947 54 128182 75 128417 96 128652 117 128886 139 129121 160 129356 181 129591 202 129825 224 130060 1260 131329 230 131585 213 131841 196 132097 179 132353 162 132609 145 132865 128 133121 111 133377 94 133633 77 133889 60 134145 43 134401 26 134657 9,4224.0,0.0103125,True,54.51029052734375,35.425002916090875
23957,78c25510b.jpg,2,380335 4 380590 11 380846 17 381101 24 381357 30 381612 37 381868 44 382123 51 382381 55 382641 57 382900 60 383160 62 383420 62 383681 56 383942 50 384203 45 384465 38 384726 32 384987 26 385248 21 385511 13 385775 4,799.0,0.00195068359375,True,9.053388671875,20.908263898733694
24049,7970f0008.jpg,2,237793 32 237986 95 238178 159 238371 222 238595 254 238851 254 239107 254 239363 254 239619 254 239875 254 240131 233 240387 193 240643 153 240900 112 241156 72 241412 49 241668 41 241924 34 242180 26 242436 19 242692 12 242948 4 245804 43 246060 128 246316 171 246572 170 246828 168 247084 166 247340 164 247596 163 247852 161 248108 159 248365 156 248621 155 248877 153 249133 151 249389 150 249645 148 249901 146 250157 144 250413 143 250674 136 250938 126 251202 116 251467 106 251731 96 251995 86 252260 75 252524 66 252789 55 253053 45 253317 36 253582 25 253846 15 254110 5,6807.0,0.01661865234375,True,71.83818115234375,52.604969221818884
24189,7a16f3a50.jpg,2,385081 10 385337 30 385592 51 385848 71 386103 92 386359 112 386614 133 386870 153 387125 174 387382 193 387640 201 387897 200 388154 199 388412 197 388669 196 388927 194 389184 193 389441 192 389699 20 389755 134 389961 8 390047 98 390311 90 390576 81 390840 73 391104 65 391366 59 391627 54 391889 48 392150 43 392411 38 392672 33 392934 27 393196 21 393464 9 394332 6 394587 18 394842 30 395098 41 395353 53 395608 65 395863 76 396119 87 396374 99 396629 111 396886 121 397144 125 397401 124 397658 123 397916 122 398173 121 398448 102 398715 91 398981 82 399245 74 399509 66 399774 57 400041 46 400309 35 400576 24 400839 17 401099 13 401359 10 401619 6 401879 2,5439.0,0.01327880859375,True,7.88629638671875,19.80873211174924
24205,7a31a3b5e.jpg,2,118787 76 119043 76 119299 76 119555 76 119811 76 120067 76 120323 77 120579 77 120836 76 121092 76 121348 76 121604 66 121860 47 122116 29 122372 10,990.0,0.0024169921875,True,76.61499755859377,45.979317787820555
24701,7ca2551c2.jpg,2,233069 13 233325 37 233580 62 233836 87 234091 112 234347 136 234603 149 234858 150 235114 149 235369 150 235625 150 235906 125 236212 74 236517 25,1419.0,0.00346435546875,True,64.0734228515625,53.15655491813363
24857,7dcd46899.jpg,2,12463 14 12692 41 12921 68 13150 95 13379 122 13608 149 13850 163 14106 163 14362 163 14618 163 14874 163 15130 163 15386 163 15642 163 15898 163 16154 163 16410 163 16666 163 16922 146 17178 114 17434 81 17690 49 17946 17,2852.0,0.006962890625,True,77.4799267578125,16.792962840761547
25037,7eb958c89.jpg,2,382611 8 382852 23 383092 39 383333 54 383574 69 383815 84 384056 99 384296 115 384537 130 384778 145 385026 153 385282 153 385538 153 385794 153 386049 153 386305 139 386561 124 386817 110 387074 94 387330 80 387586 66 387842 51 388099 36 388355 21 388614 4,2256.0,0.0055078125,True,8.792646484375,21.6391104530488
25141,7f3181e44.jpg,2,24321 43 24577 128 24833 213 25089 2304 27521 128,2816.0,0.006875,True,11.96663818359375,40.66976335251242
25605,81b6f3cca.jpg,2,110038 43 110210 127 110382 211 110596 253 110852 253 111108 253 111364 253 111619 254 111875 254 112131 254 112387 254 112643 254 112899 254 113154 242 113410 216 113666 191 113922 165 114178 140 114434 114 114689 90 114945 64 115201 39 115457 13,4191.0,0.01023193359375,True,69.88677490234375,47.49198847835329
26261,85294cff9.jpg,2,384001 5 384257 13 384513 21 384769 29 385025 37 385281 45 385537 16 385561 29 385793 16 385834 20 386049 16 386106 9 386305 28 386561 52 386823 70 387091 82 387358 35 387396 57 387625 27 387666 55 387893 18 388156 14 388416 12 388675 12 388935 11 389194 11 389454 13 389711 20 389966 29 390223 37 390484 40 390752 36 391019 34 391286 26 391554 14,989.0,0.00241455078125,True,9.3446240234375,23.01116606300829
27473,8b6c404ac.jpg,2,118105 89 118273 177 118529 176 118785 176 119041 176 119297 175 119553 175 119809 175 120065 175 120321 174 120577 174 120833 174 121090 172 121346 172 121602 172 121858 171 122114 171 122370 156 122626 128 122882 100 123138 71 123394 43 123650 15 125022 41 125278 122 125534 163 125790 163 126046 163 126302 163 126558 163 126814 163 127069 164 127325 164 127581 164 127837 164 128093 163 128349 163 128605 163,5673.0,0.01385009765625,True,81.78556884765625,50.757025118408464
27497,8b9c035ec.jpg,2,183521 32 183713 96 183905 160 184097 2240 186369 160 186625 96 186881 32,2816.0,0.006875,True,46.44201416015625,49.14601895024664
27717,8cc65d1f7.jpg,2,217238 22 217452 64 217665 107 217879 149 218113 171 218369 171 218625 171 218881 170 219137 170 219393 170 219649 170 219905 170 220161 170 220417 127 220673 43,2045.0,0.00499267578125,True,61.63582275390625,55.925457628602246
28141,8ed6b8054.jpg,2,25385 54 25641 162 25897 216 26154 215 26410 215 26666 215 26922 215 27178 215 27434 215 27691 214 27947 214 28203 214 28566 107,2471.0,0.00603271484375,True,9.28579345703125,30.25777710800789
28285,8f81e6d35.jpg,2,255471 18 255693 52 255915 86 256136 121 256358 155 256580 189 256802 223 257040 241 257296 241 257553 240 257809 240 258065 240 258321 240 258578 219 258834 179 259090 140 259346 100 259603 60 259859 20,3004.0,0.007333984375,True,63.17387451171875,48.05180157240094
28489,9085aef37.jpg,2,111105 30 111361 90 111617 150 111873 210 112129 240 112385 240 112641 240 112897 239 113153 239 113409 239 113665 239 113921 238 114177 238 114433 238 114689 238 114945 237 115201 237 115457 237 115713 237 115969 236 116225 236 116481 236 116737 236 116993 236 117249 235 117505 235 117761 235 118017 235 118273 234 118529 234 118794 225 119068 207 119342 188 119615 171 119889 153 120163 135 120437 116 120710 99 120984 81 121258 63 121531 45 121805 27 122079 9,8163.0,0.01992919921875,True,78.24808349609377,45.89182056015058
28569,90f4dd6e5.jpg,2,118775 10 119011 30 119248 49 119485 68 119721 88 119958 107 120195 126 120431 146 120668 165 120905 184 121141 204 121378 223 121624 233 121879 234 122135 234 122390 235 122646 235 122901 236 123157 221 123412 192 123668 162 123923 133 124179 103 124434 74 124690 44 124945 15,3751.0,0.00915771484375,True,76.3215869140625,46.05222355920861
28877,9271c7e3d.jpg,2,380960 13 381215 39 381471 53 381727 67 381983 81 382239 95 382495 109 382750 124 383008 136 383265 149 383522 162 383780 174 384037 187 384294 193 384552 191 384823 176 385096 158 385368 142 385641 125 385913 109 386186 91 386459 74 386731 58 387004 41 387276 24 387549 7,2778.0,0.0067822265625,True,9.88376220703125,23.386814089314125
28981,933675d91.jpg,2,221869 84 222041 168 222297 168 222553 168 222809 168 223065 168 223321 168 223577 168 223833 168 224089 84 224257 14 224513 40 224769 66 225025 93 225281 119 225537 145 225793 171 226049 185 226305 187 226561 188 226817 189 227073 188 227360 156 227678 93 227995 31,3377.0,0.00824462890625,True,77.3432177734375,64.73786708687918
29221,946525536.jpg,2,111185 27 111388 80 111617 107 111873 107 112129 107 112385 107 112641 107 112897 106 113153 106 113409 106 113665 106 113921 106 114177 106 114433 105 114689 104 114945 103 115201 102 115457 100 115713 99 115969 98 116225 97 116481 48 116700 20 116918 58 117135 97 117353 135 117589 155 117845 154 118101 154 118357 154 118614 153 118870 114 119126 38,3366.0,0.0082177734375,True,83.6968212890625,51.50613687128563
30017,98937deb7.jpg,2,218502 6 218758 17 219014 28 219270 39 219526 50 219782 62 220038 73 220294 84 220551 94 220807 105 221063 116 221319 122 221575 122 221831 122 222087 122 222349 116 222617 103 222769 7 222885 91 223025 19 223153 79 223281 31 223421 67 223537 43 223688 55 223793 55 223956 43 224049 67 224224 31 224305 79 224492 18 224561 91 224760 6 224817 103 225073 109 225329 109 225585 109 225841 108 226103 102 226369 92 226636 81 226902 70 227169 59 227435 49 227702 38 227968 27 228235 16 228501 6,3241.0,0.00791259765625,True,57.70294677734375,48.131059268589794
30453,9b09b2a38.jpg,2,235513 8 235753 24 235993 40 236233 56 236473 72 236713 88 236953 104 237193 120 237434 135 237674 151 237914 167 238154 183 238394 199 238634 214 238874 230 239114 246 239362 254 239618 244 239874 226 240130 208 240386 190 240642 172 240898 154 241154 136 241410 118 241666 100 241922 82 242178 64 242434 46 242690 28 242946 10,4069.0,0.00993408203125,True,61.486064453125,50.57064743477592
30497,9b57cbc21.jpg,2,231068 13 231324 38 231579 64 231835 89 232091 102 232347 102 232602 103 232858 103 233121 96 233389 84 233658 71 233927 58 234195 46 234464 32 234733 19 235001 7,1027.0,0.00250732421875,True,64.6436962890625,52.447272171319334
30589,9be9c98eb.jpg,2,134715 20 134933 57 135160 85 135399 101 135638 116 135876 133 136115 149 136354 165 136593 181 136832 197 137070 213 137309 229 137548 245 137795 247 138051 235 138307 222 138563 209 138819 197 139075 190 139331 190 139587 190 139843 190 140118 171 140412 133 140706 95 141000 57 141294 19,4236.0,0.010341796875,True,85.6335400390625,57.93040459407277
30981,9dc65bc1e.jpg,2,13825 12 14081 34 14337 56 14593 78 14849 100 15105 122 15361 144 15617 166 15873 188 16129 210 16385 221 16641 221 16897 221 17153 221 17409 220 17665 220 17921 220 18177 220 18433 220 18689 220 18945 219 19201 219 19457 219 19713 219 19969 219 20225 219 20481 218 20737 218 20993 218,5282.0,0.0128955078125,True,10.4463232421875,38.814797255597895
31145,9eb76f829.jpg,2,134145 185 134401 185 134657 184 134913 184 135169 183 135425 183 135681 182 135937 182 136193 181 136449 181 136705 180 136961 168 137217 146 137473 124 137729 101 137985 79 138241 56 138497 34 138753 12 138780 17 139036 49 139292 82 139549 114 139805 146 140061 179 140317 211 140573 228 140829 228 141086 227 141342 227 141598 227 141892 189 142224 113 142555 38,5005.0,0.01221923828125,True,72.81796875,48.84163627439155
31645,a115aabc4.jpg,2,248577 41 248833 121 249089 161 249345 161 249601 160 249857 160 250113 159 250369 159 250625 159 250881 158 251137 158 251393 157 251649 157 251905 117 252161 39,2067.0,0.00504638671875,True,64.72765380859374,49.51635141579492
31925,a2889c2fa.jpg,2,375811 127 376067 254 376323 254 376580 253 376836 253 377092 253 377348 253 377604 253 377860 253 378117 252 378373 6 378384 241 378629 2 378646 235 378908 229 379170 223 379432 217 379694 211 379956 205 380218 199 380503 147 380811 49 383099 7 383355 19 383611 31 383866 44 384122 56 384378 68 384634 80 384890 92 385145 105 385401 117 385657 129 385913 136 386168 137 386424 137 386680 137 386939 134 387199 130 387459 126 387719 122 387979 118 388239 114 388499 110 388759 106 389019 101 389281 95 389545 87 389809 79 390073 70 390340 59 390611 44 390881 28 391152 9,7196.0,0.017568359375,True,9.015546875,22.56710701090312
32037,a3148f47c.jpg,2,126448 17 126671 50 126894 83 127133 100 127389 100 127645 100 127901 100 128157 100 128414 99 128670 99 128926 99 129182 99 129438 99 129694 99 129950 98 130206 98 130463 97 130719 97 130975 97 131231 72 131487 24 132152 7 132407 21 132663 35 132918 49 133174 62 133429 76 133685 89 133940 104 134196 117 134451 131 134714 137 134983 137 135251 139 135520 139 135789 139 136058 133 136326 121 136595 108 136864 95 137133 82 137401 70 137670 58 137939 45 138208 32 138476 20 138745 7,3980.0,0.009716796875,True,72.76125244140627,45.53793210976686
32093,a345caa40.jpg,2,220705 33 220959 67 221214 70 221468 73 221723 76 221977 79 222232 82 222487 84 222741 88 222996 90 223250 94 223505 96 223759 100 224014 102 224268 105 224523 108 224777 111 225032 114 225287 116 225541 120 225796 122 226050 126 226305 128 226578 113 226867 81 227157 49 227446 17,2444.0,0.005966796875,True,63.64936279296875,54.688652401556425
32245,a41ba727f.jpg,2,222096 47 222260 139 222469 186 222725 185 222981 185 223237 185 223493 185 223749 184 224005 184 224260 185 224516 185 224772 184 225028 184 225284 184 225540 92,2494.0,0.0060888671875,True,56.41533935546875,49.24139430046018
32293,a44dd8116.jpg,2,382469 19 382724 45 382980 55 383235 66 383315 34 383491 116 383746 120 384002 123 384258 125 384514 127 384770 127 385026 126 385282 126 385538 125 385794 125 386051 123 386307 123 386582 102 386752 8 386848 88 386998 25 387126 69 387244 42 387386 68 387490 55 387646 66 387736 69 387907 64 387987 80 388167 62 388243 83 388428 59 388498 86 388688 58 388754 88 388948 56 389009 91 389209 53 389265 92 389469 49 389520 95 389729 45 389776 4 389814 59 389989 40 390075 56 390249 36 390336 52 390509 30 390596 48 390768 25 390857 43 391028 15 391139 17,3783.0,0.00923583984375,True,9.20141357421875,22.366762547348333
32541,a56df9123.jpg,2,383865 8 384127 11 384391 12 384655 13 384919 13 385183 14 385446 16 385710 17 385752 23 385974 63 386238 61 386502 55 386803 9 387067 1,316.0,0.000771484375,True,9.2019189453125,22.904396566158127
32841,a6c3abdb9.jpg,2,211988 8 212244 24 212500 40 212756 56 213013 70 213269 86 213525 102 213781 118 214037 133 214293 149 214549 165 214806 179 215062 195 215318 211 215574 227 215837 228 216107 214 216377 200 216647 186 216916 173 217186 159 217456 145 217726 131 217996 117 218265 104 218535 90 218805 76 219075 62 219344 49 219614 35 219884 21 220154 7,3760.0,0.0091796875,True,69.2057861328125,58.8600317334377
32961,a75bb4c01.jpg,2,129101 45 129357 135 129613 180 129869 180 130125 180 130381 180 130637 180 130893 180 131149 180 131405 201 131661 242 132007 173 132353 83 132609 83 132865 83 133121 83 133377 83 133633 83,2554.0,0.0062353515625,True,57.50444580078125,36.32219917745094
33233,a8ba23b0a.jpg,2,96514 43 96770 127 97026 211 97282 254 97538 253 97794 253 98050 252 98306 252 98562 251 98818 250 99074 250 99330 249 99587 247 99843 247 100099 246 100355 246 100611 245 100867 224 101123 183 101379 143 101635 102 101891 61 102147 21 107250 15 107478 43 107706 71 107934 99 108162 127 108390 155 108618 183 108846 211 109074 239 109315 254 109571 253 109827 253 110083 253 110339 253 110595 243 110851 224 111107 206 111363 194 111619 190 111875 185 112131 181 112388 176 112644 171 112900 167 113156 162 113412 158 113668 154 113924 149 114180 145 114436 119 114692 71 114948 24 117303 30 117559 90 117815 120 118071 119 118327 119 118583 118 118839 118 119095 117 119351 117 119607 116 119863 116 120119 115 120375 115 120631 114 120887 114 121151 105 121423 89 121694 73 121966 57 122238 40 122509 25 122781 8,11973.0,0.02923095703125,True,57.96143310546875,38.25409016628307
33257,a8cd71412.jpg,2,383234 255 383490 255 383746 255 384002 255 384259 254 384515 254 384771 254 385027 254 385283 254 385539 254 385796 253 386052 253 386308 253 386564 253 386833 240 387114 215 387395 190 387676 165 387957 140 388238 115 388519 85 388800 51 389081 17,4774.0,0.0116552734375,True,8.99762939453125,22.098058648677398
33961,ac6367260.jpg,2,256235 13 256449 56 256663 99 256877 141 257119 148 257375 117 257514 5 257630 82 257886 47 258142 11,719.0,0.00175537109375,True,76.61099609375,58.89986341525693
34077,acd30bd6a.jpg,2,245555 13 245811 39 246067 65 246323 90 246579 116 246835 141 247091 167 247348 192 247604 205 247860 205 248116 205 248372 205 248628 205 248884 205 249158 187 249448 153 249738 119 250028 85 250318 51 250608 17,2665.0,0.00650634765625,True,59.514169921875,43.831630256380656
34445,aeb94b95f.jpg,2,120375 34 120630 103 120886 137 121141 137 121397 137 121652 137 121908 137 122163 137 122419 136 122674 137 122953 113 123254 68 123554 23,1436.0,0.003505859375,True,78.6743505859375,47.727982154959385
34453,aec250881.jpg,2,25996 59 26252 117 26508 117 26764 117 27020 117 27277 116 27533 116 27789 116 28045 116 28301 116,1107.0,0.00270263671875,True,12.45315673828125,41.18783174000794
34733,b0038b54c.jpg,2,191233 96 191489 192 191745 192 192001 192 192257 192 192513 192 192769 192 193025 191 193281 191 193537 191 193793 191 194049 191 194305 143 194561 48,2394.0,0.0058447265625,True,67.7506640625,65.17606000969332
34761,b0271d280.jpg,2,112632 9 112871 26 113110 43 113349 60 113588 77 113827 94 114066 111 114305 128 114544 145 114783 162 115022 179 115261 196 115500 213 115739 230 115978 503 116483 254 116741 252 116999 250 117257 248 117516 234 117774 212 118032 190 118291 167 118549 145 118807 123 119065 101 119324 78 119582 56 119840 34 120098 12,4532.0,0.011064453125,True,67.56732177734375,38.2307615911689
35053,b1b94f0fc.jpg,2,372904 15 373160 36 373416 48 373672 60 373928 67 374184 65 374440 63 374696 60 374952 57 375224 39 375487 29 375751 19 376014 7 376187 12 376421 36 376656 59 376901 72 377157 74 377413 76 377669 78 377925 76 378181 74 378437 72 378693 70 378953 61 379218 46 379482 31 379744 19 380006 7,1428.0,0.003486328125,True,10.23760986328125,22.74575389740831
35373,b34091037.jpg,2,374209 9 374461 28 374713 45 374968 54 375224 61 375295 1 375479 68 375550 3 375735 74 375972 8 375991 74 376221 19 376244 77 376475 102 376689 144 376938 101 377192 101 377447 100 377702 99 377956 98 378211 93 378466 89 378724 60 378983 40,1548.0,0.003779296875,True,10.55671875,24.246307120053572
35437,b3a8bd174.jpg,2,115969 9 116225 26 116481 43 116737 60 116993 77 117249 94 117505 111 117761 128 118017 145 118274 161 118530 178 118786 195 119042 212 119298 229 119554 246 119810 255 120066 255 120322 255 120578 255 120834 255 121090 255 121346 255 121602 255 121858 255 122114 255 122371 254 122627 254 122883 254 123139 254 123395 254 123651 254 123907 254 124163 254 124451 222 124770 159 125090 95 125409 32,7004.0,0.017099609375,True,78.87606689453125,47.486688661750534
35597,b448498eb.jpg,2,101009 22 101223 64 101437 106 101671 128 101927 128 102183 127 102439 127 102695 127 102951 127 103207 127 103463 116 103719 95 103975 74 104231 53 104487 32 104743 11 116155 68 116343 136 116599 136 116855 136 117110 136 117366 136 117622 136 117878 136 118134 136 118390 136 118645 136 118901 136 119157 136 119481 68,3232.0,0.007890625,True,84.8587451171875,51.766031853852
35885,b595566b3.jpg,2,242041 12 242297 34 242553 57 242809 79 243065 102 243320 125 243576 137 243832 137 244088 137 244351 130 244621 116 244891 102 245160 89 245430 75 245699 62 245969 48 246239 34 246508 21 246778 7,1504.0,0.003671875,True,71.87852294921875,52.8296050948564
36109,b6a257b28.jpg,2,381957 8 382211 19 382466 22 382721 24 382977 26 383053 11 383233 27 383290 32 383370 9 383489 29 383528 52 383610 25 383745 95 383850 41 384001 146 384258 145 384519 141 384782 134 385040 132 385299 129 385558 43 385616 68 385816 15 385875 55 386135 32 386394 11,1471.0,0.00359130859375,True,9.63454345703125,22.71037486643044
36437,b8a69919f.jpg,2,230897 16 231121 48 231345 80 231569 112 231793 144 232017 176 232241 208 232465 1245 233729 201 233985 164 234241 128 234497 92 234753 55 235009 19,2688.0,0.0065625,True,54.79333740234375,43.28902206892656
36589,b963c168c.jpg,2,106368 15 106624 45 106880 75 107136 105 107392 120 107647 121 107903 121 108159 120 108415 120 108681 110 108957 90 109233 70 109508 50 109784 30 110060 10,1202.0,0.0029345703125,True,73.72779052734377,46.296426773385704
36605,b98aee209.jpg,2,385230 51 385434 103 385687 106 385941 108 386195 110 386450 111 386705 112 386961 112 387216 113 387471 114 387728 113 387985 112 388242 111 388499 110 388756 109 389026 95 389309 68 389592 41 389875 14,1813.0,0.00442626953125,True,8.597177734375,21.139320447638376
36633,b9b3b12aa.jpg,2,247625 16 247881 46 248137 77 248392 108 248648 139 248904 169 249160 185 249416 185 249671 186 249927 186 250183 186 250458 167 250751 130 251044 93 251337 56 251630 19,1948.0,0.004755859375,True,66.17718505859375,49.9165997260322
36705,ba0e69f45.jpg,2,12801 45 13057 133 13313 177 13569 176 13825 175 14081 174 14337 172 14593 171 14849 170 15105 169 15361 168 15617 167 15873 165 16129 164 16385 163 16641 162 16897 161 17153 160 17409 158 17665 157 17921 172 18177 206 18433 239 18689 768 19489 224 19809 160 20129 96 20449 32,5084.0,0.012412109375,True,8.44960693359375,31.619801088723197
36929,bb3421ee8.jpg,2,202753 13 203009 39 203265 64 203521 90 203777 115 204033 141 204289 166 204545 192 204801 217 205057 243 205313 1024 206359 234 206657 192 206956 149 207254 107 207553 64 207851 22 209410 48 209666 96 209922 96 210178 96 210435 95 210691 95 210947 96 211203 96 211459 96 211715 96 211972 79 212228 47 212484 16,4124.0,0.010068359375,True,56.3122705078125,50.71709843873181
37037,bbc246c1b.jpg,2,235056 12 235312 35 235568 58 235823 82 236079 105 236335 128 236591 140 236846 141 237102 141 237358 141 237632 124 237923 89 238215 53 238506 18,1267.0,0.00309326171875,True,71.68144287109375,55.250738191195495
37217,bc751c15d.jpg,2,146012 21 146268 62 146523 103 146779 144 147035 165 147290 166 147546 166 147802 166 148057 167 148313 167 148569 167 148824 168 149080 168 149336 168 149591 169 149847 169 150146 126 150486 42,2504.0,0.00611328125,True,74.83672607421875,50.57517218292183
37673,bee2f16b2.jpg,2,383796 18 384032 54 384268 90 384514 108 384770 107 385026 106 385282 105 385538 104 385794 103 386050 102 386306 101 386563 99 386819 98 387076 96 387333 72 387420 7 387591 11 387849 3,1384.0,0.00337890625,True,8.24583984375,19.821255022370558
37741,bf5e1ed13.jpg,2,110323 9 110561 27 110799 45 111037 63 111275 80 111513 98 111751 116 111990 133 112228 150 112466 166 112704 182 112942 199 113180 215 113418 232 113665 239 113921 237 114177 235 114433 231 114689 228 114945 225 115201 221 115457 218 115713 214 115969 211 116225 207 116481 204 116737 201 116993 197 117249 193 117505 189 117761 185 118017 181 118273 177 118529 173 118785 169 119041 165 119297 161 119553 157 119809 143 120065 117 120321 91 120577 65 120833 39 121089 13,7001.0,0.01709228515625,True,88.37365478515625,54.079235837803296
37889,bff6cdfad.jpg,2,119553 8 119809 65 120065 163 120321 213 120577 213 120833 213 121089 213 121345 213 121601 213 121857 213 122113 213 122369 213 122647 191 122945 149 123244 106 123542 64 123840 22 125823 50 126079 99 126335 99 126591 98 126847 98 127103 98 127359 97 127615 97 127871 96 128127 96,3613.0,0.00882080078125,True,68.97593994140625,45.81480910279229
38041,c0eb3a086.jpg,2,117641 30 117897 90 118153 120 118409 120 118665 120 118921 120 119177 120 119433 120 119689 120 119945 120 120201 120 120487 90 120803 30,1320.0,0.00322265625,True,77.96838134765625,47.40163642232967
38153,c199d741a.jpg,2,374955 12 375189 35 375423 57 375657 80 375891 102 376125 125 376359 147 376593 170 376838 181 377094 182 377350 182 377606 183 377862 183 378117 185 378373 185 378628 187 378884 187 379139 189 379395 188 379650 188 379906 187 380161 187 380417 186 380679 179 380945 167 381211 154 381477 141 381739 132 381999 125 382259 117 382518 110 382778 102 383038 35 383084 48 383300 23 383355 29 383565 8 383626 10,4888.0,0.01193359375,True,10.05104736328125,23.103915411685005
38221,c210d2e08.jpg,2,223194 39 223372 117 223550 195 223767 234 224023 234 224278 235 224534 235 224790 234 225046 234 225301 211 225557 164 225813 117 226068 71 226324 24 231857 16 232081 49 232305 82 232529 114 232753 147 232977 180 233217 197 233473 197 233729 198 233985 199 234241 189 234497 171 234753 153 235009 135 235265 117 235521 99 235777 81 236033 63 236289 45 236545 27 236801 9,4812.0,0.011748046875,True,61.84695068359375,49.882828589743966
38505,c34bf9bec.jpg,2,121513 56 121657 168 121857 223 122113 223 122369 222 122625 222 122881 222 123137 221 123393 221 123649 220 123905 220 124161 219 124417 219 124673 203 124929 172 125185 141 125441 109 125697 78 125953 47 126209 16,3422.0,0.0083544921875,True,79.914033203125,52.336534086042825
38525,c35fa49e2.jpg,2,380676 25 380931 74 381187 122 381442 171 381698 195 381954 194 382210 194 382466 193 382722 192 382978 192 383233 192 383489 192 383745 191 384001 190 384257 190 384513 189 384771 186 385029 184 385288 180 385546 178 385806 173 386066 168 386327 63 386423 67 386588 37 386723 22 386848 13,3967.0,0.00968505859375,True,8.90186279296875,21.85849545779489
39273,c720250a2.jpg,2,130589 228 130845 228 131101 228 131357 228 131613 228 131869 228 132125 228 132381 228 132637 228 132893 228 133149 228 133405 228 133661 228 133917 228 134173 228 134429 228 134685 228 134941 228 135197 228 135453 228 135709 228 135965 228 136221 228 136477 228 136733 228 137046 171 137416 57,5928.0,0.01447265625,True,73.21623779296877,48.46067179120789
39301,c75e6bd36.jpg,2,138159 82 138333 164 138589 164 138845 164 139100 165 139356 165 139612 165 139868 165 140123 166 140379 166 140635 166 140891 166 141146 167 141402 167 141658 167 141942 139 142254 83 142565 28,2649.0,0.00646728515625,True,68.773583984375,49.85650846161593
39413,c7fe435c0.jpg,2,368840 31 369087 46 369336 53 369574 71 369821 80 370070 87 370321 93 370573 97 370827 99 371083 99 371339 60 371415 22 371595 49 371677 16 371851 40 371942 6 372107 34 372197 7 372372 16,1006.0,0.0024560546875,True,8.5312939453125,22.105924580264944
39461,c83361e9d.jpg,2,115792 11 116048 32 116304 52 116560 63 116816 63 117073 62 117329 62 117585 62 117841 63 118105 55 118377 39 118648 24 118920 8 123393 15 123649 43 123905 72 124161 100 124417 129 124673 157 124929 172 125185 172 125441 172 125697 172 125953 172 126209 172 126480 156 126764 128 127048 100 127333 71 127617 43 127901 15,2657.0,0.00648681640625,True,76.861708984375,46.02876920302125
39701,c98404d89.jpg,2,113365 14 113595 40 113824 67 114053 94 114283 121 114512 148 114741 175 114971 201 115213 215 115469 215 115726 214 115982 215 116238 215 116495 214 116751 214 117007 203 117264 180 117520 158 117777 136 118033 114 118289 92 118546 70 118802 48 119066 18,3381.0,0.00825439453125,True,77.65091064453125,45.60705554012304
39973,caf49d870.jpg,2,378352 5 378600 13 378848 21 379096 29 379344 37 379592 45 379840 53 380088 61 380336 69 380584 76 380835 81 381089 83 381344 84 381599 85 381853 87 382108 88 382365 87 382623 85 382881 67 383138 63 383396 58 383654 53 383913 48 384173 41 384432 35 384704 16,1470.0,0.0035888671875,True,9.18891845703125,21.544217130129994
40325,ccbeeb18a.jpg,2,121062 27 121266 79 121469 132 121673 184 121902 211 122158 211 122414 211 122670 211 122926 211 123182 211 123438 211 123694 211 123949 212 124205 212 124461 212 124717 212 124973 212 125229 212 125485 212 125752 201 126029 180 126306 159 126583 138 126860 117 127138 95 127415 74 127692 53 127969 32 128246 11,4654.0,0.0113623046875,True,70.91022216796875,43.36709637329933
40385,cd1f8d368.jpg,2,130233 21 130448 62 130663 103 130879 143 131094 184 131329 205 131585 205 131841 205 132097 205 132353 205 132609 205 132865 205 133121 205 133377 187 133633 153 133889 119 134145 85 134401 51 134657 17,2765.0,0.00675048828125,True,80.09570556640625,51.07576516531011
40457,cd5b14850.jpg,2,375021 7 375266 18 375514 26 375740 56 375989 63 376239 69 376485 79 376735 85 376991 83 377247 79 377503 74 377759 68 378016 61 378272 49 378533 28 378794 4,849.0,0.00207275390625,True,10.69624755859375,23.62130184723624
40577,cdc267505.jpg,2,108278 11 108513 32 108749 52 108984 73 109219 94 109454 115 109689 136 109925 156 110160 177 110405 188 110661 188 110917 188 111172 173 111428 141 111684 110 111940 78 112195 48 112451 16,1976.0,0.00482421875,True,67.5471044921875,37.96356784227813
40745,ce7b7ac0b.jpg,2,123628 18 123848 54 124068 90 124288 126 124508 162 124728 198 124948 234 125186 252 125442 252 125698 252 125954 252 126210 252 126466 252 126722 252 126978 251 127234 251 127490 251 127746 251 128002 251 128258 251 128513 252 128769 252 129025 252 129281 252 129537 252 129793 252 130049 252 130305 252 130561 220 130817 157 131073 95 131329 32,6672.0,0.0162890625,True,75.931064453125,49.2175862346517
40865,cef5ff47d.jpg,2,248133 10 248389 29 248645 48 248901 67 249157 87 249413 106 249669 125 249924 145 250180 155 250436 155 250692 155 250948 155 251204 155 251473 142 251755 117 252037 91 252319 65 252601 39 252883 13,1859.0,0.00453857421875,True,58.54240234375,46.05301408527046
41037,d01d3e444.jpg,2,116236 31 116492 92 116749 152 117005 213 117261 244 117517 244 117774 243 118030 243 118286 243 118542 243 118799 242 119055 242 119311 242 119567 242 119824 241 120080 241 120336 241 120592 241 120849 240 121105 240 121421 180 121797 60,4600.0,0.01123046875,True,73.57909423828123,44.738594631148395
41165,d0d818b7d.jpg,2,224068 10 224323 30 224579 49 224834 68 225090 87 225345 107 225601 126 225856 146 226121 155 226393 158 226665 152 226937 136 227209 120 227481 104 227753 88 228025 72 228297 56 228569 40 228841 24 229113 8,1736.0,0.00423828125,True,56.378427734375,46.09138580238427
41425,d2291de5c.jpg,2,151041 26 151297 76 151553 103 151809 108 152065 113 152322 118 152578 123 152834 128 153090 133 153346 138 153605 141 153865 142 154130 138 154400 176 154670 180 154853 28 154940 197 155209 184 155479 170 155749 156 156018 143 156288 129 156558 91 156828 30,2971.0,0.00725341796875,True,67.98813232421875,48.27809539935001
41433,d238605c1.jpg,2,129016 9 129255 26 129493 44 129732 61 129971 78 130210 95 130448 113 130687 130 130926 147 131165 164 131403 182 131642 191 131889 184 132145 168 132401 152 132657 136 132913 120 133169 104 133425 88 133681 72 133937 56 134193 40 134449 24 134705 8,2392.0,0.00583984375,True,72.88516845703127,46.12042940542682
41509,d26ead1d8.jpg,2,25558 43 25729 128 25900 1962 27905 128 28161 43,2304.0,0.005625,True,14.9284326171875,48.10421644542677
41741,d3ef4bac1.jpg,2,378504 6 378756 18 379008 29 379260 40 379512 52 379766 61 380022 68 380278 76 380534 83 380790 91 381046 98 381302 105 381558 113 381814 120 382070 127 382326 135 382582 139 382838 139 383094 139 383353 136 383614 131 383875 125 384136 120 384398 114 384659 109 384920 104 385181 99 385442 94 385710 82 385984 63 386258 45 386532 27 386806 9,2897.0,0.00707275390625,True,9.78182861328125,23.12497838630581
42277,d67745c5b.jpg,2,108700 32 108894 94 109088 156 109313 187 109569 187 109825 187 110081 187 110337 187 110593 187 110849 187 111105 187 111361 168 111617 131 111873 93 112129 56 112385 19 112973 17 113229 50 113485 83 113742 115 113998 148 114254 165 114510 165 114766 164 115022 164 115279 162 115535 162 115791 161 116047 161 116303 160 116559 160 116816 158 117072 118 117328 40,4598.0,0.0112255859375,True,66.9532861328125,37.27775274934334
42289,d68320987.jpg,2,372508 29 372763 87 373019 144 373274 155 373432 44 373529 232 373784 233 374040 233 374295 234 374550 235 374814 227 375084 213 375354 199 375624 185 375895 170 376165 156 376435 142 376706 127 376976 100 377246 60 377516 20,3225.0,0.00787353515625,True,9.426103515625,18.48649761304442
42341,d6d2ca6e1.jpg,2,379124 13 379355 38 379585 64 379816 89 380047 114 380277 140 380508 165 380739 190 380969 216 381200 241 381443 254 381699 254 381955 251 382210 247 382466 243 382722 238 382978 233 383234 228 383490 223 383745 220 384001 215 384257 208 384516 196 384778 180 385039 166 385301 151 385562 137 385823 123 386085 107 386364 75 386661 25,5244.0,0.012802734375,True,8.54429443359375,19.891716901373854
42457,d75725fc3.jpg,2,221633 7 221877 19 222120 32 222363 45 222607 57 222850 70 223093 83 223337 94 223580 107 223823 120 224067 132 224310 145 224553 158 224797 170 225046 170 225302 158 225558 145 225814 132 226070 120 226326 107 226582 95 226838 82 227094 70 227350 57 227606 44 227862 32 228118 19 228374 7,2477.0,0.00604736328125,True,71.4668115234375,58.810491273892495
42937,d98664198.jpg,2,103985 24 104241 70 104497 116 104753 139 105010 137 105266 136 105522 135 105778 134 106034 134 106290 133 106547 131 106803 130 107059 129 107315 128 109556 13 109788 37 110020 61 110252 85 110496 97 110752 97 111008 97 111264 97 111520 97 111776 97 112032 97 112288 88 112544 72 112800 56 113056 40 113312 24 113568 8 120766 9 121004 26 121242 44 121480 61 121719 78 121957 95 122195 113 122434 129 122672 147 122910 164 123148 175 123395 171 123651 159 123907 146 124163 133 124419 121 124675 108 124931 95 125187 83 125443 70 125699 57 125955 45 126211 32 126467 19 126723 7,5126.0,0.0125146484375,True,66.6246435546875,45.6140095508451
43213,db4867ee8.jpg,2,354411 17 354634 50 354857 82 355096 99 355351 99 355607 99 355862 100 356118 99 356375 98 356633 95 356890 94 357148 91 357405 90 357662 8 357676 38 357920 2 357941 26 358203 16 358463 9 358722 3,1215.0,0.00296630859375,True,69.69060546875,25.493763265820927
43285,dbac90dc5.jpg,2,379906 7 380161 21 380418 33 380675 44 380932 56 381190 67 381447 79 381704 91 381963 101 382225 108 382486 115 382747 123 383008 131 383270 138 383531 146 383792 154 384053 161 384314 169 384575 177 384838 177 385105 167 385371 158 385638 147 385905 137 386171 128 386443 111 386715 94 386987 77 387259 61 387532 43 387804 26 388076 9,3256.0,0.00794921875,True,9.0612939453125,22.2513853125082
43405,dc58fa33b.jpg,2,230640 14 230870 40 231112 54 231368 54 231624 54 231880 54 232136 54 232392 54 232648 27,405.0,0.00098876953125,True,63.803681640625,51.65484107576665
43429,dc636ab48.jpg,2,141057 19 141313 57 141569 95 141825 133 142081 171 142337 209 142593 228 142849 228 143105 229 143361 229 143617 229 143890 213 144179 180 144468 148 144757 115 145046 82 145335 50 145624 17,2632.0,0.00642578125,True,74.10366455078125,51.03278844367308
44673,e2c4275d6.jpg,2,231771 15 232027 45 232283 75 232539 104 232795 134 233052 148 233308 147 233564 147 233820 146 234076 145 234347 130 234631 101 234915 72 235199 44 235483 15,1468.0,0.003583984375,True,64.34876953125,51.06117190984025
45021,e4a7202d9.jpg,2,242517 43 242773 129 243029 172 243285 172 243541 172 243797 172 244053 172 244309 172 244565 172 244821 172 245077 172 245333 172 245618 143 245931 86 246244 29,2150.0,0.0052490234375,True,61.03489013671875,49.429019608482044
45085,e4da37c1e.jpg,2,381442 46 381698 136 381954 181 382210 181 382466 181 382722 180 382978 180 383233 181 383490 180 383748 178 384006 176 384264 173 384521 172 384779 170,2315.0,0.00565185546875,True,8.9022216796875,21.85835784234807
45165,e56d5dfde.jpg,2,239900 62 240156 124 240412 124 240668 124 240924 123 241180 123 241436 123 241692 123 241948 123 242204 122 242460 122 242716 122 242972 91 243228 31,1537.0,0.00375244140625,True,71.86697021484375,56.238052210715544
45169,e56f52c1e.jpg,2,129516 21 129731 62 129945 104 130160 145 130375 186 130610 207 130866 207 131122 207 131378 207 131634 207 131890 207 132145 208 132401 208 132657 208 132913 208 133169 208 133425 208 133785 104,3112.0,0.00759765625,True,77.38141357421875,50.38872249076978
45209,e59a4b5cb.jpg,2,221441 176 221697 175 221953 174 222209 172 222465 171 222721 170 222977 169 223233 168 223489 166 223745 165 229745 15 230001 43 230257 72 230513 101 230769 129 231025 144 231282 143 231538 143 231794 143 232050 143 232306 143 232562 143 232818 143 233074 143 233330 143 233586 143 233843 142 234099 142 234355 141 234611 141 234867 141 235159 105 235485 35,4487.0,0.01095458984375,True,62.0515673828125,50.255269488013326
45417,e6ac69712.jpg,2,122640 22 122895 65 123150 108 123405 151 123660 173 123916 173 124171 174 124426 175 124681 176 124936 177 125191 179 125465 161 125757 125 126049 89 126340 54 126632 18,2020.0,0.004931640625,True,80.37687744140625,52.138685553677426
45605,e77d57652.jpg,2,235456 11 235691 32 235927 53 236172 64 236428 65 236684 65 236940 66 237196 61 237452 51 237707 43 237963 33 238219 24 238324 8 238475 15 238566 22 238731 5 238808 36 239050 50 239292 64 239534 78 239782 86 240038 86 240294 86 240428 89 240549 86 240684 89 240805 86 240940 89 241061 86 241196 89 241317 86 241452 89 241573 86 241709 87 241828 87 241965 87 242084 87 242221 87 242340 87 242477 87 242596 87 242852 76 243107 55 243363 33 243619 11,2850.0,0.0069580078125,True,71.5216796875,56.723255061365926
45797,e86b2f3e2.jpg,2,382246 13 382478 38 382721 51 382977 52 383233 52 383489 52 383745 51 384001 50 384263 43 387846 17 388102 50 388358 68 388614 70 388870 73 389127 74 389383 76 389639 79 389895 81 390151 83 390409 81 390669 77 390931 69 391193 61 391464 44 391738 24 392004 9,1438.0,0.0035107421875,True,9.24839599609375,22.112147156495926
45869,e8b4ddc4d.jpg,2,380562 1 380818 21 380901 28 381074 36 381150 35 381330 47 381407 34 381586 58 381657 40 381842 111 382098 111 382354 111 382610 111 382870 107 383133 100 383397 92 383665 76 383935 54 384205 32 384475 10,1215.0,0.00296630859375,True,9.2199072265625,22.871519654791587
45961,e97006670.jpg,2,243457 151 243713 151 243969 152 244225 152 244481 153 244737 153 244993 153 245249 154 245505 154 245761 155 246017 155 246273 155 246529 156 246785 156 247041 157 247297 157 247553 78,2542.0,0.0062060546875,True,57.23307373046875,64.45538170576125
45985,e9a938877.jpg,2,111099 6 111343 18 111588 29 111832 41 112076 53 112321 64 112565 76 112810 87 113054 99 113298 111 113543 122 113787 134 114032 145 114276 157 114520 169 114765 180 115009 192 115254 203 115498 215 115742 227 115987 231 116231 229 116481 222 116737 209 116993 195 117249 182 117505 168 117761 155 118017 141 118273 128 118529 115 118785 101 119041 88 119297 74 119553 61 119809 47 120065 34 120321 21 120577 7,4736.0,0.0115625,True,56.83209228515625,34.48745586695368
46465,ebdc35de8.jpg,2,127147 35 127335 103 127523 171 127745 205 128001 205 128257 205 128513 205 128769 204 129025 204 129281 204 129537 204 129793 204 130049 204 130305 204 130571 194 130845 176 131119 158 131394 139 131668 121 131943 101 132217 83 132491 65 132766 46 133040 28 133314 10,3678.0,0.0089794921875,True,55.23658447265625,35.336304227234095
46657,ecd0a7a42.jpg,2,242986 17 243242 50 243498 82 243754 99 244010 99 244164 7 244266 98 244420 19 244523 97 244676 31 244779 97 244932 43 245035 96 245188 55 245291 96 245444 61 245547 96 245699 62 245803 95 245955 62 246107 47 246211 62 246467 62 246723 62 246986 54 247254 42 247522 30 247790 18 248058 6,1745.0,0.00426025390625,True,62.26061279296875,47.45600710929332
46825,ed9f593a2.jpg,2,241780 15 242036 43 242292 71 242548 99 242804 127 243060 141 243316 141 243572 141 243828 141 244084 141 244340 141 244596 141 244870 123 245161 88 245452 53 245743 18,1624.0,0.00396484375,True,53.86683349609375,42.892905262502545
47105,ef24da2ba.jpg,2,366338 17 366594 50 366850 82 367106 99 367362 99 367618 98 367874 98 368130 97 368386 97 368642 97 368898 96 369153 97 369409 97 369665 96 369921 96 370177 95 370433 95 370689 95 370945 94 371201 94 371457 94 371713 93 371985 77 372271 46 372557 16,2115.0,0.00516357421875,True,86.3786376953125,42.90344119424674
47229,efe5694bf.jpg,2,141517 12 141749 36 141981 60 142213 84 142445 108 142677 132 142909 156 143141 180 143373 204 143617 216 143873 216 144129 216 144385 216 144641 209 144897 195 145153 182 145409 168 145665 155 145921 142 146177 128 146433 115 146689 101 146945 88 147201 74 147457 61 147713 48 147969 34 148225 21 148481 7,3564.0,0.008701171875,True,70.13858642578126,47.639596120345324
47473,f1699acad.jpg,2,126784 97 127040 193 127296 193 127552 193 127808 193 128064 193 128320 193 128576 193 128832 193 129088 193 129344 193 129625 168 129929 120 130233 72 130537 24,2411.0,0.00588623046875,True,75.30838623046877,49.19663757230914
47485,f17e982f9.jpg,2,229121 13 229377 38 229633 62 229889 87 230145 100 230401 99 230657 98 230913 96 231169 95 231425 94 231681 93 231937 92 232208 75 232493 45 232778 15,1102.0,0.0026904296875,True,62.27581298828125,52.71849468251182
47513,f195eeda7.jpg,2,108033 128 108289 2816,2944.0,0.0071875,True,24.74823974609375,38.471515666184246
47665,f27cf9c58.jpg,2,352957 32 353149 96 353342 158 353566 190 353822 190 354078 190 354334 189 354590 189 354846 189 355102 189 355358 188 355613 189 355869 189 356125 189 356381 188 356637 188 356893 188 357149 188 357405 187 357755 93,3399.0,0.00829833984375,True,76.3564794921875,28.53006761837675
47685,f297f6838.jpg,2,378710 2 378965 8 379221 12 379477 17 379732 23 379988 27 380246 33 380505 44 380764 63 381024 64 381283 59 381542 54 381804 16 381829 21 382093 11 382448 8 382696 14 382943 21 383190 11 383364 25 383438 38 383610 135 383865 136 384121 135 384376 113 384501 11 384632 109 384759 9 384887 106 385017 7 385145 100 385275 5 385403 94 385533 3 385662 85 385920 8 385933 64 386199 49,1740.0,0.004248046875,True,9.1683740234375,20.482841995286115
47757,f30beded6.jpg,2,116738 32 116994 95 117250 127 117506 126 117762 125 118017 125 118273 124 118529 123 118785 122 119041 121 119327 90 119642 30 119782 27 119986 79 120190 131 120420 157 120676 157 120932 157 121188 157 121444 157 121700 157 121955 158 122211 158 122467 138 122723 99 122979 59 123235 20,3051.0,0.00744873046875,True,86.24938232421873,52.91361371117927
47917,f3e1e7c47.jpg,2,231682 8 231938 22 232194 36 232450 51 232706 65 232858 103 232962 79 233114 103 233218 93 233370 205 233626 205 233882 204 234138 204 234394 204 234650 203 234906 103 235016 93 235162 77 235286 79 235418 26 235556 64 235826 50 236096 36 236366 21 236636 7,2341.0,0.00571533203125,True,80.740751953125,63.6709633555978
48345,f618df512.jpg,2,392397 52 392602 102 392858 102 393114 101 393370 100 393626 100 393882 99 394138 98 394394 98 394650 97 394938 50,999.0,0.00243896484375,True,8.610361328125,21.087537929405826
48577,f727d997a.jpg,2,126124 65 126315 130 126571 130 126827 130 127082 131 127338 131 127594 130 127850 130 128105 131 128361 131 128650 98 128971 33 131789 11 132024 32 132259 53 132494 74 132729 95 132963 117 133198 138 133433 159 133668 179 133903 200 134148 211 134404 211 134660 211 134916 211 135172 211 135428 201 135684 182 135940 163 136196 144 136452 125 136708 105 136964 86 137220 67 137476 48 137732 29 137988 10,4643.0,0.01133544921875,True,76.91478759765623,46.67769859339033
48661,f7b1dd93a.jpg,2,361125 46 361381 92 361637 92 361892 93 362148 93 362404 93 362660 93 362916 93 363171 94 363427 94 363683 94 363939 94 364195 94 364450 95 364706 95 364962 95 365222 91 365486 65 365750 21 372704 33 372896 97 373088 161 373311 194 373567 194 373823 194 374079 194 374335 194 374591 194 374853 188 375120 177 375387 166 375655 154 375922 123 376189 74 376456 25,3989.0,0.00973876953125,True,70.54914306640623,26.049126739764944
49005,f9668c7cd.jpg,2,382051 109 382310 127 382570 135 382830 15 382873 94 383161 62 383444 34 383722 12,588.0,0.001435546875,True,8.6617431640625,20.24670874797782
49057,f9b337a42.jpg,2,121601 10 121857 30 122113 50 122369 69 122625 89 122881 108 123137 128 123393 148 123649 167 123905 187 124161 206 124417 226 124673 246 124929 512 125451 246 125727 226 126003 206 126278 187 126554 167 126829 148 127105 128 127381 108 127656 89 127932 69 128207 50 128483 30 128759 10 133740 97 133900 193 134156 193 134412 193 134668 193 134924 193 135180 193 135436 193 135692 193 135948 193 136204 193 136460 193 136716 193 136973 192 137229 192 137485 192 137741 192 137997 192 138253 192 138509 172 138765 134 139021 96 139277 58 139533 20,7885.0,0.01925048828125,True,73.943251953125,46.48952694528818
49121,fa3a68a38.jpg,2,383737 8 383978 23 384219 38 384460 53 384701 68 384942 83 385183 98 385424 113 385666 127 385907 142 386148 157 386389 172 386630 187 386871 202 387112 217 387360 225 387616 225 387871 226 388127 220 388383 209 388638 199 388894 188 389149 178 389405 168 389669 149 389939 124 390209 99,3898.0,0.0095166015625,True,9.4089404296875,21.73590833354663
49257,fad2dd8ee.jpg,2,361573 29 361772 86 361999 115 362255 115 362511 115 362767 115 363023 115 363279 115 363535 115 363811 95 364105 57 364399 19 365330 33 365586 97 365841 130 366097 130 366352 131 366608 131 366864 131 367119 132 367375 132 367630 133 367886 132 368142 132 368397 133 368653 133 368908 134 369164 134 369487 67,3136.0,0.00765625,True,8.83032470703125,20.29009092845076
49325,fb2d75aea.jpg,2,244578 26 244834 76 245091 125 245347 150 245603 150 245860 149 246116 148 246372 148 246629 147 246885 147 247141 146 247398 145 247654 145 247934 121 248238 72 248542 24,1919.0,0.00468505859375,True,66.2140966796875,51.90364808080568
49405,fb9a07c8f.jpg,2,144897 167 145153 169 145409 170 145665 171 145921 173 146177 174 146433 175 146689 177 146945 178 147201 180 147457 181 147713 182 147969 184 148225 185 148481 186 148737 188 148993 189 149249 180 149505 163 149761 146 150017 129 150273 112 150529 94 150785 77 151041 60 151297 43 151553 26 151809 9,4068.0,0.009931640625,True,69.88330322265625,45.919482675509045
49441,fbc97ac61.jpg,2,388659 7 388915 19 389170 32 389426 44 389682 57 389938 69 390193 82 390449 94 390705 106 390960 120 391216 132 391425 6 391479 137 391681 16 391747 137 391937 26 392016 131 392193 37 392284 119 392449 47 392553 106 392705 57 392821 94 392961 67 393090 81 393217 78 393358 69 393473 88 393626 57 393729 98 393895 44 393985 104 394163 32 394241 104 394432 19 394497 104 394700 7 394753 104 395014 99 395278 91 395543 82 395807 74 396072 64 396336 56 396601 47 396865 39 397130 30 397394 22 397659 13 397923 5,3353.0,0.00818603515625,True,7.8673876953125,19.84767362568332
49465,fbdc2daae.jpg,2,380825 11 381065 33 381305 52 381545 69 381785 85 382025 102 382265 120 382505 129 382745 139 382985 149 383233 151 383489 143 383745 133 384001 123 384257 112 384513 102 384769 89 385025 75 385281 61 385537 36 385796 27 386056 13,1954.0,0.0047705078125,True,9.3707373046875,21.326323072767085
49637,fcd374576.jpg,2,216066 11 216322 32 216578 53 216834 74 217090 95 217346 116 217601 139 217857 160 218113 181 218369 202 218625 223 218881 244 219148 244 219425 223 219702 202 219979 180 220256 159 220533 138 220810 117 221087 96 221364 75 221641 53 221918 32 222195 11,3060.0,0.007470703125,True,64.05259521484375,53.7289186479256
49981,fe689cf0a.jpg,2,6913 32 7169 96 7425 160 7681 224 7937 3583 11521 255 11777 255 12033 255 12289 255 12545 255 12801 255 13057 255 13345 223 13665 159 13984 96 14304 32,6390.0,0.0156005859375,True,6.87746826171875,24.66492595567428
50173,ff6e35e0a.jpg,2,380118 43 380290 127 380462 211 380676 253 380932 253 381188 253 381444 253 381700 253 381955 254 382211 254 382467 254 382723 254 382979 254 383235 254 383491 254 383747 252 384003 250 384259 247 384514 246 384770 244 385026 241 385282 239 385538 236 385794 234 386050 232 386306 226 386562 216 386817 207 387073 198 387329 190 387585 182 387841 174 388097 166 388356 155 388616 143 388877 130 389138 117 389398 105 389662 74 389930 24,8152.0,0.01990234375,True,9.46355712890625,21.56041577434116
